ts,pid,argmax,probs
2025-10-22T23:28:21.250098,PL1,4,[0.04506701979149186, 0.016579230056156354, 0.016579230056156354, 0.016579230056156354, 0.9051952900400391]
2025-10-22T23:29:17.751427,PH1,3,[5.056107463052243e-44, 5.056107463052243e-44, 0.5, 0.5, 1.0155463313674055e-42]
2025-10-23T00:12:00.870301,P120,3,[1.8048513878454153e-35, 1.8048513878454153e-35, 1.3336148155022614e-34, 1.0, 3.6251409191435593e-34]
2025-10-23T00:14:14.830433,P120,3,[1.462486227251231e-31, 1.462486227251231e-31, 1.462486227251231e-31, 1.0, 3.975449735908647e-31]
2025-10-23T00:14:35.579343,P120,3,[2.2991261772701394e-23, 2.2991261772701394e-23, 0.11920292202211755, 0.8807970779778823, 1.2552803597172446e-21]
2025-10-23T02:03:52.165797,P100,3,[1.462486227251231e-31, 1.462486227251231e-31, 1.462486227251231e-31, 1.0, 3.975449735908647e-31]
2025-10-23T02:03:57.300751,P100,3,[1.462486227251231e-31, 1.462486227251231e-31, 1.462486227251231e-31, 1.0, 3.975449735908647e-31]
2025-10-23T02:04:01.699281,P100,3,[1.462486227251231e-31, 1.462486227251231e-31, 1.462486227251231e-31, 1.0, 3.975449735908647e-31]
2025-10-23T02:04:05.201098,P100,3,[1.462486227251231e-31, 1.462486227251231e-31, 1.462486227251231e-31, 1.0, 3.975449735908647e-31]
2025-10-23T02:04:08.636798,P100,3,[1.462486227251231e-31, 1.462486227251231e-31, 1.462486227251231e-31, 1.0, 3.975449735908647e-31]
2025-10-23T02:04:13.142663,P100,3,[1.462486227251231e-31, 1.462486227251231e-31, 1.462486227251231e-31, 1.0, 3.975449735908647e-31]
2025-10-23T02:04:16.628733,P100,3,[1.462486227251231e-31, 1.462486227251231e-31, 1.462486227251231e-31, 1.0, 3.975449735908647e-31]
2025-10-23T02:04:20.191808,P100,3,[1.462486227251231e-31, 1.462486227251231e-31, 1.462486227251231e-31, 1.0, 3.975449735908647e-31]
2025-10-23T02:04:23.784382,P100,3,[1.462486227251231e-31, 1.462486227251231e-31, 1.462486227251231e-31, 1.0, 3.975449735908647e-31]
2025-10-23T02:04:27.563641,P100,3,[1.462486227251231e-31, 1.462486227251231e-31, 1.462486227251231e-31, 1.0, 3.975449735908647e-31]
2025-10-23T02:04:38.277120,P100,3,[1.462486227251231e-31, 1.462486227251231e-31, 1.462486227251231e-31, 1.0, 3.975449735908647e-31]
2025-10-23T02:04:43.252941,P100,3,[1.462486227251231e-31, 1.462486227251231e-31, 1.462486227251231e-31, 1.0, 3.975449735908647e-31]
2025-10-23T02:04:46.629787,P100,3,[1.462486227251231e-31, 1.462486227251231e-31, 1.462486227251231e-31, 1.0, 3.975449735908647e-31]
2025-10-23T13:43:22.242742,P120,Great Dictator,[["Great Dictator", 0.0], ["Think Too Much Feel Too Little (audio)", 0.0], ["Perfect Planet", 0.0], ["Aramaic (Audio)", 0.0], ["Unsung Hero (Thai Insurance)", 0.0]]
2025-10-23T13:55:23.323213,P120,Great Dictator,[["Great Dictator", 0.0], ["Think Too Much Feel Too Little (audio)", 0.0], ["Perfect Planet", 0.0], ["Aramaic (Audio)", 0.0], ["Unsung Hero (Thai Insurance)", 0.0]]
2025-10-23T13:55:26.807733,P120,Great Dictator,[["Great Dictator", 0.0], ["Think Too Much Feel Too Little (audio)", 0.0], ["Perfect Planet", 0.0], ["Aramaic (Audio)", 0.0], ["Unsung Hero (Thai Insurance)", 0.0]]
2025-10-23T13:55:36.443431,P101,Great Dictator,[["Great Dictator", 0.0], ["Think Too Much Feel Too Little (audio)", 0.0], ["Perfect Planet", 0.0], ["Aramaic (Audio)", 0.0], ["Unsung Hero (Thai Insurance)", 0.0]]
2025-10-23T14:23:32.457974,P120,3,[1.462486227251231e-31, 1.462486227251231e-31, 1.462486227251231e-31, 1.0, 3.975449735908647e-31]
2025-10-23T14:23:45.384761,P120,3,[1.462486227251231e-31, 1.462486227251231e-31, 1.462486227251231e-31, 1.0, 3.975449735908647e-31]
2025-10-23T14:23:52.352146,P120,3,[1.462486227251231e-31, 1.462486227251231e-31, 1.462486227251231e-31, 1.0, 3.975449735908647e-31]
2025-10-23T14:24:07.941242,P120,3,[5.380186160021138e-32, 5.380186160021138e-32, 1.9792598779469045e-32, 1.0, 1.0806392777072785e-30]
2025-10-23T15:26:53.298216,P120,3,[1.462486227251231e-31, 1.462486227251231e-31, 1.462486227251231e-31, 1.0, 3.975449735908647e-31]
2025-10-23T15:26:58.603470,P120,3,[1.462486227251231e-31, 1.462486227251231e-31, 1.462486227251231e-31, 1.0, 3.975449735908647e-31]
2025-10-23T15:27:01.977923,P120,3,[1.462486227251231e-31, 1.462486227251231e-31, 1.462486227251231e-31, 1.0, 3.975449735908647e-31]
2025-10-23T15:39:13.590675,P2002,0,3,[0.0, 0.0, 0.0, 71.0, 1.0]
2025-10-23T15:39:17.847750,P2002,0,3,[0.0, 0.0, 0.0, 71.0, 1.0]
2025-10-23T15:39:20.857991,P2002,0,3,[0.0, 0.0, 0.0, 71.0, 1.0]
2025-10-23T16:19:43.743487,P123,0,[0.0, 0.0, 0.0, 0.0, 0.0, 0.0, 0.0, 0.0, 0.0, 0.0, 0.0, 0.0, 0.0, 0.0, 0.0, 0.0, 0.0, 0.0, 0.0, 0.0, 0.0, 0.0, 0.0, 0.0, 0.0, 0.0, 0.0, 0.0, 0.0, 0.0, 0.0, 0.0, 0.0, 0.0, 0.0, 0.0, 0.0, 0.0, 0.0, 0.0]
2025-10-23T16:25:06.909842,P120,0,[0.0, 0.0, 0.0, 0.0, 0.0, 0.0, 0.0, 0.0, 0.0, 0.0, 0.0, 0.0, 0.0, 0.0, 0.0, 0.0, 0.0, 0.0, 0.0, 0.0, 0.0, 0.0, 0.0, 0.0, 0.0, 0.0, 0.0, 0.0, 0.0, 0.0, 0.0, 0.0, 0.0, 0.0, 0.0, 0.0, 0.0, 0.0, 0.0, 0.0]
2025-10-23T16:25:20.083600,P120,0,[0.0, 0.0, 0.0, 0.0, 0.0, 0.0, 0.0, 0.0, 0.0, 0.0, 0.0, 0.0, 0.0, 0.0, 0.0, 0.0, 0.0, 0.0, 0.0, 0.0, 0.0, 0.0, 0.0, 0.0, 0.0, 0.0, 0.0, 0.0, 0.0, 0.0, 0.0, 0.0, 0.0, 0.0, 0.0, 0.0, 0.0, 0.0, 0.0, 0.0]
2025-10-23T16:25:42.728900,P120,0,[0.0, 0.0, 0.0, 0.0, 0.0, 0.0, 0.0, 0.0, 0.0, 0.0, 0.0, 0.0, 0.0, 0.0, 0.0, 0.0, 0.0, 0.0, 0.0, 0.0, 0.0, 0.0, 0.0, 0.0, 0.0, 0.0, 0.0, 0.0, 0.0, 0.0, 0.0, 0.0, 0.0, 0.0, 0.0, 0.0, 0.0, 0.0, 0.0, 0.0]
2025-10-23T16:25:54.300482,P120,0,[1.0, 1.0, 1.0, 1.0, 1.0, 1.0, 1.0, 1.0, 1.0, 1.0, 1.0, 1.0, 1.0, 1.0, 1.0, 1.0, 1.0, 1.0, 1.0, 1.0, 1.0, 1.0, 1.0, 1.0, 1.0, 1.0, 1.0, 1.0, 1.0, 1.0, 1.0, 1.0, 1.0, 1.0, 1.0, 1.0, 1.0, 1.0, 1.0, 1.0]
2025-10-23T16:32:16.369904,P12,0,[0.0, 0.0, 0.0, 0.0, 0.0, 0.0, 0.0, 0.0, 0.0, 0.0, 0.0, 0.0, 0.0, 0.0, 0.0, 0.0, 0.0, 0.0, 0.0, 0.0, 0.0, 0.0, 0.0, 0.0, 0.0, 0.0, 0.0, 0.0, 0.0, 0.0, 0.0, 0.0, 0.0, 0.0, 0.0, 0.0, 0.0, 0.0, 0.0, 0.0]
2025-10-23T16:32:32.435582,P12,0,[0.0, 0.0, 0.0, 0.0, 0.0, 0.0, 0.0, 0.0, 0.0, 0.0, 0.0, 0.0, 0.0, 0.0, 0.0, 0.0, 0.0, 0.0, 0.0, 0.0, 0.0, 0.0, 0.0, 0.0, 0.0, 0.0, 0.0, 0.0, 0.0, 0.0, 0.0, 0.0, 0.0, 0.0, 0.0, 0.0, 0.0, 0.0, 0.0, 0.0]
2025-10-23T17:00:25.314819,P120,3,[1.462486227251231e-31, 1.462486227251231e-31, 1.462486227251231e-31, 1.0, 3.975449735908647e-31]
2025-10-23T17:00:29.280254,P120,3,[1.462486227251231e-31, 1.462486227251231e-31, 1.462486227251231e-31, 1.0, 3.975449735908647e-31]
2025-10-23T17:18:16.626191,P100,0,[1.0, 1.0, 1.0, 1.0, 1.0, 1.0, 1.0, 1.0, 1.0, 1.0, 1.0, 1.0, 1.0, 1.0, 1.0, 1.0, 1.0, 1.0, 1.0, 1.0, 1.0, 1.0, 1.0, 1.0, 1.0, 1.0, 1.0, 1.0, 1.0, 1.0, 1.0, 1.0, 1.0, 1.0, 1.0, 1.0, 1.0, 1.0, 1.0, 1.0]
2025-10-23T17:25:17.546133,P130,0,[0.0, 0.0, 0.0, 0.0, 0.0, 0.0, 0.0, 0.0, 0.0, 0.0, 0.0, 0.0, 0.0, 0.0, 0.0, 0.0, 0.0, 0.0, 0.0, 0.0, 0.0, 0.0, 0.0, 0.0, 0.0, 0.0, 0.0, 0.0, 0.0, 0.0, 0.0, 0.0, 0.0, 0.0, 0.0, 0.0, 0.0, 0.0, 0.0, 0.0]
2025-10-23T17:26:04.075608,P1100,0,[1.0, 1.0, 1.0, 1.0, 1.0, 1.0, 1.0, 1.0, 1.0, 1.0, 1.0, 1.0, 1.0, 1.0, 1.0, 1.0, 1.0, 1.0, 1.0, 1.0, 1.0, 1.0, 1.0, 1.0, 1.0, 1.0, 1.0, 1.0, 1.0, 1.0, 1.0, 1.0, 1.0, 1.0, 1.0, 1.0, 1.0, 1.0, 1.0, 1.0]
2025-10-23T17:31:29.774123,P202,0,[0.0, 0.0, 0.0, 0.0, 0.0, 0.0, 0.0, 0.0, 0.0, 0.0, 0.0, 0.0, 0.0, 0.0, 0.0, 0.0, 0.0, 0.0, 0.0, 0.0, 0.0, 0.0, 0.0, 0.0, 0.0, 0.0, 0.0, 0.0, 0.0, 0.0, 0.0, 0.0, 0.0, 0.0, 0.0, 0.0, 0.0, 0.0, 0.0, 0.0]
2025-10-23T17:32:02.375790,P202,0,[0.0, 0.0, 0.0, 0.0, 0.0, 0.0, 0.0, 0.0, 0.0, 0.0, 0.0, 0.0, 0.0, 0.0, 0.0, 0.0, 0.0, 0.0, 0.0, 0.0, 0.0, 0.0, 0.0, 0.0, 0.0, 0.0, 0.0, 0.0, 0.0, 0.0, 0.0, 0.0, 0.0, 0.0, 0.0, 0.0, 0.0, 0.0, 0.0, 0.0]
2025-10-23T17:42:52.728826,P1200,1,[0.0, 1.0, 0.0, 1.0, 0.0, 0.0, 1.0, 1.0, 0.0, 0.0, 1.0, 0.0, 0.0, 0.0, 0.0, 1.0, 1.0, 1.0, 0.0, 0.0, 0.0, 0.0, 0.0, 0.0, 0.0, 0.0, 0.0, 0.0, 0.0, 0.0, 0.0, 0.0, 0.0, 0.0, 0.0, 0.0, 1.0, 0.0, 1.0, 0.0]
2025-10-23T17:42:58.070047,P1200,1,[0.0, 1.0, 0.0, 1.0, 0.0, 0.0, 1.0, 1.0, 0.0, 0.0, 1.0, 0.0, 0.0, 0.0, 0.0, 1.0, 1.0, 1.0, 0.0, 0.0, 0.0, 0.0, 0.0, 0.0, 0.0, 0.0, 0.0, 0.0, 0.0, 0.0, 0.0, 0.0, 0.0, 0.0, 0.0, 0.0, 1.0, 0.0, 1.0, 0.0]
2025-10-23T17:43:25.238829,P1200,0,[1.0, 1.0, 0.0, 1.0, 1.0, 1.0, 1.0, 1.0, 0.0, 0.0, 0.0, 0.0, 1.0, 1.0, 0.0, 1.0, 0.0, 1.0, 1.0, 0.0, 0.0, 1.0, 0.0, 1.0, 1.0, 0.0, 0.0, 1.0, 1.0, 1.0, 1.0, 0.0, 1.0, 1.0, 1.0, 1.0, 1.0, 0.0, 1.0, 1.0]
2025-10-23T17:43:41.164551,P1200,13,[0.0, 0.0, 0.0, 0.0, 0.0, 0.0, 0.0, 0.0, 0.0, 0.0, 1.0, 1.0, 0.0, 1.0, 0.0, 1.0, 0.0, 0.0, 0.0, 0.0, 0.0, 0.0, 0.0, 0.0, 1.0, 1.0, 0.0, 0.0, 0.0, 0.0, 0.0, 0.0, 1.0, 0.0, 0.0, 0.0, 0.0, 0.0, 0.0, 0.0]
2025-10-23T17:43:47.088218,P1200,13,[0.0, 0.0, 0.0, 0.0, 0.0, 0.0, 0.0, 0.0, 0.0, 0.0, 1.0, 1.0, 0.0, 1.0, 0.0, 1.0, 0.0, 0.0, 0.0, 0.0, 0.0, 0.0, 0.0, 0.0, 1.0, 1.0, 0.0, 0.0, 0.0, 0.0, 0.0, 0.0, 1.0, 0.0, 0.0, 0.0, 0.0, 0.0, 0.0, 0.0]
2025-10-23T17:44:02.390882,P1200,1,[0.0, 1.0, 1.0, 1.0, 1.0, 1.0, 1.0, 1.0, 0.0, 1.0, 0.0, 1.0, 1.0, 1.0, 1.0, 1.0, 0.0, 1.0, 1.0, 1.0, 1.0, 1.0, 1.0, 0.0, 1.0, 1.0, 1.0, 1.0, 1.0, 1.0, 1.0, 1.0, 1.0, 0.0, 1.0, 1.0, 1.0, 1.0, 1.0, 1.0]
2025-10-23T17:44:20.612128,P1200,0,[1.0, 0.0, 0.0, 1.0, 0.0, 0.0, 1.0, 1.0, 0.0, 0.0, 1.0, 1.0, 1.0, 1.0, 0.0, 1.0, 0.0, 1.0, 0.0, 1.0, 0.0, 1.0, 1.0, 0.0, 1.0, 0.0, 0.0, 0.0, 0.0, 0.0, 1.0, 0.0, 1.0, 0.0, 1.0, 0.0, 1.0, 0.0, 0.0, 0.0]
2025-10-23T17:44:54.926863,P120,2,[0.0, 0.0, 1.0, 0.0, 1.0, 0.0, 0.0, 1.0, 0.0, 1.0, 1.0, 0.0, 0.0, 0.0, 1.0, 1.0, 1.0, 0.0, 0.0, 0.0, 0.0, 1.0, 0.0, 0.0, 0.0, 0.0, 0.0, 1.0, 0.0, 0.0, 0.0, 1.0, 1.0, 1.0, 1.0, 0.0, 0.0, 0.0, 0.0, 1.0]
2025-10-23T17:49:15.142225,P2000,0,[1.0, 0.0, 1.0, 1.0, 1.0, 0.0, 0.0, 1.0, 0.0, 0.0, 0.0, 1.0, 0.0, 1.0, 0.0, 1.0, 0.0, 0.0, 1.0, 0.0, 0.0, 0.0, 0.0, 1.0, 1.0, 1.0, 0.0, 1.0, 0.0, 0.0, 0.0, 1.0, 0.0, 1.0, 1.0, 1.0, 0.0, 1.0, 1.0, 1.0]
2025-10-23T17:49:38.054332,P2000,0,[1.0, 1.0, 1.0, 1.0, 1.0, 1.0, 1.0, 1.0, 0.0, 1.0, 1.0, 1.0, 1.0, 1.0, 0.0, 1.0, 0.0, 1.0, 1.0, 1.0, 1.0, 1.0, 1.0, 1.0, 1.0, 1.0, 1.0, 1.0, 1.0, 1.0, 1.0, 1.0, 1.0, 0.0, 1.0, 1.0, 1.0, 0.0, 1.0, 1.0]
2025-10-23T17:50:29.584053,P200,1,[0.0, 1.0, 0.0, 1.0, 0.0, 0.0, 1.0, 1.0, 0.0, 0.0, 1.0, 0.0, 0.0, 0.0, 0.0, 1.0, 1.0, 1.0, 0.0, 0.0, 0.0, 0.0, 0.0, 0.0, 0.0, 0.0, 0.0, 0.0, 0.0, 0.0, 0.0, 0.0, 0.0, 0.0, 0.0, 0.0, 1.0, 0.0, 1.0, 0.0]
2025-10-23T17:50:42.558407,P200,6,[0.0, 0.0, 0.0, 0.0, 0.0, 0.0, 1.0, 0.0, 0.0, 0.0, 1.0, 0.0, 0.0, 0.0, 0.0, 1.0, 0.0, 0.0, 0.0, 0.0, 0.0, 0.0, 0.0, 0.0, 0.0, 0.0, 0.0, 1.0, 0.0, 0.0, 0.0, 0.0, 0.0, 0.0, 0.0, 0.0, 0.0, 0.0, 0.0, 0.0]
2025-10-23T18:06:44.689325,P1011,0,[1.0, 0.0, 1.0, 1.0, 0.0, 0.0, 1.0, 1.0, 0.0, 0.0, 1.0, 1.0, 1.0, 1.0, 1.0, 1.0, 1.0, 1.0, 0.0, 1.0, 1.0, 0.0, 1.0, 1.0, 1.0, 1.0, 0.0, 1.0, 1.0, 1.0, 1.0, 0.0, 1.0, 0.0, 1.0, 0.0, 1.0, 1.0, 0.0, 0.0]
2025-10-23T18:07:12.603394,P1011,3,[0.0, 0.0, 1.0, 1.0, 0.0, 0.0, 1.0, 1.0, 0.0, 0.0, 1.0, 0.0, 0.0, 1.0, 0.0, 1.0, 1.0, 1.0, 0.0, 0.0, 0.0, 0.0, 0.0, 0.0, 1.0, 1.0, 0.0, 1.0, 1.0, 1.0, 1.0, 0.0, 1.0, 0.0, 0.0, 0.0, 1.0, 0.0, 0.0, 0.0]
2025-10-23T18:09:01.227300,New_1,0,[1.0, 1.0, 1.0, 1.0, 1.0, 1.0, 1.0, 1.0, 1.0, 1.0, 1.0, 1.0, 1.0, 1.0, 1.0, 1.0, 1.0, 0.0, 1.0, 1.0, 1.0, 1.0, 1.0, 1.0, 1.0, 1.0, 1.0, 1.0, 1.0, 1.0, 1.0, 1.0, 1.0, 1.0, 1.0, 1.0, 1.0, 1.0, 1.0, 1.0]
2025-10-23T18:09:31.622200,New_1,0,[1.0, 1.0, 1.0, 1.0, 1.0, 1.0, 1.0, 1.0, 1.0, 1.0, 1.0, 1.0, 1.0, 1.0, 1.0, 1.0, 1.0, 0.0, 1.0, 1.0, 1.0, 1.0, 1.0, 1.0, 1.0, 1.0, 1.0, 1.0, 1.0, 1.0, 1.0, 1.0, 1.0, 1.0, 1.0, 1.0, 1.0, 1.0, 1.0, 1.0]
2025-10-23T18:11:34.495929,New_1,1,[0.0, 1.0, 1.0, 0.0, 1.0, 1.0, 0.0, 1.0, 1.0, 1.0, 1.0, 0.0, 1.0, 0.0, 0.0, 1.0, 0.0, 0.0, 1.0, 1.0, 1.0, 0.0, 1.0, 1.0, 1.0, 1.0, 1.0, 1.0, 0.0, 1.0, 0.0, 0.0, 1.0, 0.0, 1.0, 1.0, 1.0, 1.0, 1.0, 1.0]
2025-10-23T18:17:36.969937,P1220,0,[1.0, 1.0, 1.0, 1.0, 1.0, 0.0, 1.0, 1.0, 1.0, 0.0, 1.0, 1.0, 1.0, 1.0, 1.0, 1.0, 1.0, 1.0, 1.0, 1.0, 1.0, 1.0, 1.0, 1.0, 1.0, 1.0, 1.0, 1.0, 1.0, 1.0, 1.0, 1.0, 1.0, 0.0, 1.0, 0.0, 1.0, 1.0, 1.0, 1.0]
2025-10-23T18:17:52.187932,P1220,0,[1.0, 0.0, 1.0, 1.0, 1.0, 1.0, 1.0, 1.0, 0.0, 0.0, 1.0, 1.0, 0.0, 1.0, 1.0, 1.0, 0.0, 1.0, 0.0, 0.0, 1.0, 0.0, 1.0, 1.0, 1.0, 1.0, 0.0, 1.0, 0.0, 1.0, 1.0, 1.0, 1.0, 1.0, 0.0, 1.0, 1.0, 0.0, 1.0, 1.0]
2025-10-23T18:18:18.681417,P1220,0,[1.0, 1.0, 1.0, 1.0, 1.0, 1.0, 1.0, 1.0, 0.0, 1.0, 1.0, 1.0, 1.0, 1.0, 1.0, 1.0, 1.0, 1.0, 1.0, 0.0, 1.0, 1.0, 1.0, 1.0, 1.0, 1.0, 0.0, 1.0, 1.0, 1.0, 1.0, 1.0, 0.0, 1.0, 1.0, 1.0, 1.0, 0.0, 1.0, 1.0]
2025-10-23T18:19:07.069549,new2,2,[0.0, 0.0, 1.0, 0.0, 1.0, 0.0, 0.0, 1.0, 1.0, 0.0, 1.0, 0.0, 1.0, 1.0, 0.0, 1.0, 1.0, 1.0, 0.0, 1.0, 1.0, 0.0, 0.0, 0.0, 0.0, 1.0, 1.0, 1.0, 0.0, 1.0, 0.0, 1.0, 1.0, 1.0, 0.0, 0.0, 0.0, 1.0, 1.0, 1.0]
2025-10-23T18:29:16.929931,P12003,38,[1.0, 9.999999717180685e-10, 1.999999943436137e-09, 1.000000003, 3.999999886872274e-09, 1.000000005, 1.000000006, 1.0000000070000001, 7.999999773744548e-09, 8.99999985648492e-09, 1.00000001, 1.1000000021965661e-08, 1.000000012, 1.0000000130000002, 1.4000000270186774e-08, 1.0000000149999995, 1.5999999547489097e-08, 1.0000000169999996, 1.799999971296984e-08, 1.899999979571021e-08, 1.999999987845058e-08, 2.099999996119095e-08, 2.2000000043931323e-08, 2.3000000126671694e-08, 1.0000000240000002, 1.0000000250000003, 2.6000000374892807e-08, 1.0000000270000005, 2.800000054037355e-08, 2.900000062311392e-08, 2.999999892949745e-08, 3.099999901223782e-08, 3.199999909497819e-08, 3.2999999177718564e-08, 3.3999999260458935e-08, 1.0000000349999993, 1.0000000359999994, 1.0000000369999995, 1.0000000379999996, 3.899999967416079e-08]
2025-10-23T18:29:20.745465,P12003,38,[1.0, 9.999999717180685e-10, 1.999999943436137e-09, 1.000000003, 3.999999886872274e-09, 1.000000005, 1.000000006, 1.0000000070000001, 7.999999773744548e-09, 8.99999985648492e-09, 1.00000001, 1.1000000021965661e-08, 1.000000012, 1.0000000130000002, 1.4000000270186774e-08, 1.0000000149999995, 1.5999999547489097e-08, 1.0000000169999996, 1.799999971296984e-08, 1.899999979571021e-08, 1.999999987845058e-08, 2.099999996119095e-08, 2.2000000043931323e-08, 2.3000000126671694e-08, 1.0000000240000002, 1.0000000250000003, 2.6000000374892807e-08, 1.0000000270000005, 2.800000054037355e-08, 2.900000062311392e-08, 2.999999892949745e-08, 3.099999901223782e-08, 3.199999909497819e-08, 3.2999999177718564e-08, 3.3999999260458935e-08, 1.0000000349999993, 1.0000000359999994, 1.0000000369999995, 1.0000000379999996, 3.899999967416079e-08]
2025-10-23T18:29:38.283793,P12003,39,[1.0, 1.000000001, 1.000000002, 1.000000003, 1.0000000039999999, 1.000000005, 1.000000006, 1.0000000070000001, 1.0000000079999998, 1.0000000089999999, 1.00000001, 1.1000000021965661e-08, 1.000000012, 1.0000000130000002, 1.0000000140000003, 1.0000000149999995, 1.5999999547489097e-08, 1.6999999630229468e-08, 1.0000000179999997, 1.0000000189999998, 1.999999987845058e-08, 2.099999996119095e-08, 1.000000022, 1.0000000230000001, 1.0000000240000002, 1.0000000250000003, 1.0000000260000004, 1.0000000270000005, 2.800000054037355e-08, 1.0000000290000006, 1.000000029999999, 1.000000030999999, 1.000000031999999, 3.2999999177718564e-08, 1.0000000339999993, 1.0000000349999993, 1.0000000359999994, 1.0000000369999995, 1.0000000379999996, 1.0000000389999997]
2025-10-23T19:34:50.092957,P102,39,[1.0, 1.000000001, 1.000000002, 1.000000003, 1.0000000039999999, 4.999999969612645e-09, 1.000000006, 1.0000000070000001, 7.999999773744548e-09, 1.0000000089999999, 9.99999993922529e-09, 1.000000011, 1.000000012, 1.3000000187446403e-08, 1.0000000140000003, 1.0000000149999995, 1.0000000159999995, 1.0000000169999996, 1.0000000179999997, 1.899999979571021e-08, 1.0000000199999999, 1.000000021, 1.000000022, 1.0000000230000001, 1.0000000240000002, 1.0000000250000003, 1.0000000260000004, 1.0000000270000005, 2.800000054037355e-08, 1.0000000290000006, 1.000000029999999, 1.000000030999999, 1.000000031999999, 1.0000000329999992, 1.0000000339999993, 1.0000000349999993, 1.0000000359999994, 1.0000000369999995, 1.0000000379999996, 1.0000000389999997]
2025-10-23T19:37:45.971384,P102,39,[1.0, 1.000000001, 1.000000002, 1.000000003, 1.0000000039999999, 1.000000005, 1.000000006, 1.0000000070000001, 1.0000000079999998, 8.99999985648492e-09, 1.00000001, 1.000000011, 1.000000012, 1.0000000130000002, 1.0000000140000003, 1.0000000149999995, 1.0000000159999995, 1.0000000169999996, 1.0000000179999997, 1.0000000189999998, 1.0000000199999999, 1.000000021, 1.000000022, 1.0000000230000001, 1.0000000240000002, 2.5000000292152436e-08, 1.0000000260000004, 1.0000000270000005, 1.0000000280000005, 1.0000000290000006, 1.000000029999999, 1.000000030999999, 1.000000031999999, 1.0000000329999992, 1.0000000339999993, 1.0000000349999993, 1.0000000359999994, 3.699999950868005e-08, 1.0000000379999996, 1.0000000389999997]
2025-10-23T19:38:08.330331,P102,39,[1.0, 1.000000001, 1.000000002, 1.000000003, 1.0000000039999999, 1.000000005, 1.000000006, 1.0000000070000001, 1.0000000079999998, 1.0000000089999999, 1.00000001, 1.000000011, 1.000000012, 1.0000000130000002, 1.0000000140000003, 1.0000000149999995, 1.0000000159999995, 1.6999999630229468e-08, 1.0000000179999997, 1.0000000189999998, 1.0000000199999999, 1.000000021, 1.000000022, 1.0000000230000001, 1.0000000240000002, 1.0000000250000003, 1.0000000260000004, 1.0000000270000005, 1.0000000280000005, 1.0000000290000006, 1.000000029999999, 1.000000030999999, 1.000000031999999, 1.0000000329999992, 1.0000000339999993, 1.0000000349999993, 1.0000000359999994, 1.0000000369999995, 1.0000000379999996, 1.0000000389999997]
2025-10-23T21:39:37.017696,P102,37,[1.0, 9.999999717180685e-10, 1.000000002, 1.000000003, 3.999999886872274e-09, 4.999999969612645e-09, 1.000000006, 1.0000000070000001, 7.999999773744548e-09, 8.99999985648492e-09, 1.00000001, 1.000000011, 1.000000012, 1.0000000130000002, 1.0000000140000003, 1.0000000149999995, 1.0000000159999995, 1.0000000169999996, 1.799999971296984e-08, 1.0000000189999998, 1.0000000199999999, 2.099999996119095e-08, 1.000000022, 1.0000000230000001, 1.0000000240000002, 1.0000000250000003, 2.6000000374892807e-08, 1.0000000270000005, 1.0000000280000005, 1.0000000290000006, 1.000000029999999, 3.099999901223782e-08, 1.000000031999999, 3.2999999177718564e-08, 1.0000000339999993, 3.4999999343199306e-08, 1.0000000359999994, 1.0000000369999995, 3.799999959142042e-08, 3.899999967416079e-08]
2025-10-23T21:39:58.319118,P102,39,[1.0, 1.000000001, 1.000000002, 1.000000003, 3.999999886872274e-09, 1.000000005, 1.000000006, 1.0000000070000001, 1.0000000079999998, 8.99999985648492e-09, 1.00000001, 1.000000011, 1.000000012, 1.0000000130000002, 1.4000000270186774e-08, 1.0000000149999995, 1.0000000159999995, 1.0000000169999996, 1.0000000179999997, 1.0000000189999998, 1.0000000199999999, 1.000000021, 1.000000022, 2.3000000126671694e-08, 1.0000000240000002, 1.0000000250000003, 2.6000000374892807e-08, 1.0000000270000005, 1.0000000280000005, 1.0000000290000006, 1.000000029999999, 1.000000030999999, 1.000000031999999, 1.0000000329999992, 1.0000000339999993, 1.0000000349999993, 1.0000000359999994, 3.699999950868005e-08, 1.0000000379999996, 1.0000000389999997]
2025-10-23T21:40:19.636514,P102,39,[1.0, 1.000000001, 1.000000002, 1.000000003, 1.0000000039999999, 1.000000005, 1.000000006, 1.0000000070000001, 1.0000000079999998, 1.0000000089999999, 1.00000001, 1.000000011, 1.000000012, 1.0000000130000002, 1.0000000140000003, 1.0000000149999995, 1.0000000159999995, 1.6999999630229468e-08, 1.0000000179999997, 1.0000000189999998, 1.0000000199999999, 1.000000021, 1.000000022, 1.0000000230000001, 1.0000000240000002, 1.0000000250000003, 1.0000000260000004, 1.0000000270000005, 1.0000000280000005, 1.0000000290000006, 1.000000029999999, 1.000000030999999, 1.000000031999999, 1.0000000329999992, 1.0000000339999993, 1.0000000349999993, 1.0000000359999994, 1.0000000369999995, 1.0000000379999996, 1.0000000389999997]
2025-10-23T21:40:49.848850,P123,38,[1.0, 1.000000001, 1.000000002, 1.000000003, 3.999999886872274e-09, 1.000000005, 1.000000006, 1.0000000070000001, 1.0000000079999998, 8.99999985648492e-09, 1.00000001, 1.000000011, 1.000000012, 1.0000000130000002, 1.4000000270186774e-08, 1.0000000149999995, 1.0000000159999995, 1.0000000169999996, 1.0000000179999997, 1.0000000189999998, 1.0000000199999999, 1.000000021, 1.000000022, 1.0000000230000001, 1.0000000240000002, 2.5000000292152436e-08, 2.6000000374892807e-08, 1.0000000270000005, 1.0000000280000005, 1.0000000290000006, 1.000000029999999, 1.000000030999999, 1.000000031999999, 1.0000000329999992, 1.0000000339999993, 1.0000000349999993, 1.0000000359999994, 3.699999950868005e-08, 1.0000000379999996, 3.899999967416079e-08]
2025-10-23T22:22:31.640850,P239,0,[1.0, 9.999999717180685e-10, 1.999999943436137e-09, 1.0, 3.999999886872274e-09, 1.0, 1.0, 1.0, 7.999999773744548e-09, 8.99999985648492e-09, 1.0, 1.1000000021965661e-08, 1.0, 1.0, 1.4000000270186774e-08, 1.0, 1.5999999547489097e-08, 1.0, 1.799999971296984e-08, 1.899999979571021e-08, 1.999999987845058e-08, 2.099999996119095e-08, 2.2000000043931323e-08, 2.3000000126671694e-08, 1.0, 1.0, 2.6000000374892807e-08, 1.0, 2.800000054037355e-08, 2.900000062311392e-08, 2.999999892949745e-08, 3.099999901223782e-08, 3.199999909497819e-08, 3.2999999177718564e-08, 3.3999999260458935e-08, 1.0, 1.0, 1.0, 1.0, 3.899999967416079e-08]
2025-10-23T22:40:33.594115,P123,0,[1.0, 9.999999717180685e-10, 1.0, 1.0, 1.0, 4.999999969612645e-09, 1.0, 1.0, 1.0, 8.99999985648492e-09, 1.0, 1.0, 1.0, 1.0, 1.4000000270186774e-08, 1.0, 1.0, 1.0, 1.799999971296984e-08, 1.0, 1.0, 2.099999996119095e-08, 1.0, 1.0, 1.0, 1.0, 2.6000000374892807e-08, 1.0, 1.0, 1.0, 1.0, 1.0, 1.0, 3.2999999177718564e-08, 1.0, 3.4999999343199306e-08, 1.0, 1.0, 3.799999959142042e-08, 1.0]
2025-10-23T22:40:53.471224,P123,1,[0.0, 1.0, 1.0, 3.000000026176508e-09, 1.0, 1.0, 1.0, 1.0, 1.0, 1.0, 1.0, 1.0, 1.0, 1.3000000187446403e-08, 1.0, 1.0, 1.0, 1.6999999630229468e-08, 1.799999971296984e-08, 1.899999979571021e-08, 1.0, 1.0, 1.0, 1.0, 1.0, 1.0, 1.0, 2.7000000457633178e-08, 1.0, 1.0, 1.0, 1.0, 1.0, 1.0, 1.0, 1.0, 1.0, 1.0, 1.0, 1.0]
2025-10-23T22:41:15.689010,P123,0,[1.0, 9.999999717180685e-10, 1.999999943436137e-09, 1.0, 3.999999886872274e-09, 1.0, 1.0, 1.0, 7.999999773744548e-09, 8.99999985648492e-09, 1.0, 1.1000000021965661e-08, 1.0, 1.0, 1.4000000270186774e-08, 1.0, 1.5999999547489097e-08, 1.0, 1.799999971296984e-08, 1.899999979571021e-08, 1.999999987845058e-08, 2.099999996119095e-08, 2.2000000043931323e-08, 2.3000000126671694e-08, 1.0, 1.0, 2.6000000374892807e-08, 1.0, 2.800000054037355e-08, 2.900000062311392e-08, 2.999999892949745e-08, 3.099999901223782e-08, 3.199999909497819e-08, 3.2999999177718564e-08, 3.3999999260458935e-08, 1.0, 1.0, 1.0, 1.0, 3.899999967416079e-08]
2025-10-23T22:41:35.322942,P123,0,[1.0, 9.999999717180685e-10, 1.999999943436137e-09, 1.0, 3.999999886872274e-09, 1.0, 1.0, 1.0, 7.999999773744548e-09, 8.99999985648492e-09, 1.0, 1.1000000021965661e-08, 1.0, 1.0, 1.4000000270186774e-08, 1.0, 1.5999999547489097e-08, 1.0, 1.799999971296984e-08, 1.899999979571021e-08, 1.999999987845058e-08, 2.099999996119095e-08, 2.2000000043931323e-08, 2.3000000126671694e-08, 1.0, 1.0, 2.6000000374892807e-08, 1.0, 2.800000054037355e-08, 2.900000062311392e-08, 2.999999892949745e-08, 3.099999901223782e-08, 3.199999909497819e-08, 3.2999999177718564e-08, 3.3999999260458935e-08, 1.0, 1.0, 1.0, 1.0, 3.899999967416079e-08]
2025-10-24T00:53:09.098779,P10,3,[0.0, 9.999999717180685e-10, 1.0, 1.0, 3.999999886872274e-09, 4.999999969612645e-09, 6.000000052353016e-09, 1.0, 7.999999773744548e-09, 8.99999985648492e-09, 9.99999993922529e-09, 1.1000000021965661e-08, 1.2000000104706032e-08, 1.3000000187446403e-08, 1.4000000270186774e-08, 1.0, 1.0, 1.6999999630229468e-08, 1.799999971296984e-08, 1.899999979571021e-08, 1.999999987845058e-08, 2.099999996119095e-08, 2.2000000043931323e-08, 2.3000000126671694e-08, 1.0, 1.0, 2.6000000374892807e-08, 1.0, 1.0, 2.900000062311392e-08, 2.999999892949745e-08, 3.099999901223782e-08, 3.199999909497819e-08, 3.2999999177718564e-08, 3.3999999260458935e-08, 3.4999999343199306e-08, 3.599999942593968e-08, 1.0, 3.799999959142042e-08, 3.899999967416079e-08]
2025-10-24T01:56:03.756126,P1233,0,[1.0, 9.999999717180685e-10, 1.999999943436137e-09, 1.0, 3.999999886872274e-09, 1.0, 1.0, 1.0, 7.999999773744548e-09, 8.99999985648492e-09, 1.0, 1.1000000021965661e-08, 1.0, 1.0, 1.4000000270186774e-08, 1.0, 1.5999999547489097e-08, 1.0, 1.799999971296984e-08, 1.899999979571021e-08, 1.999999987845058e-08, 2.099999996119095e-08, 2.2000000043931323e-08, 2.3000000126671694e-08, 1.0, 1.0, 2.6000000374892807e-08, 1.0, 2.800000054037355e-08, 2.900000062311392e-08, 2.999999892949745e-08, 3.099999901223782e-08, 3.199999909497819e-08, 3.2999999177718564e-08, 3.3999999260458935e-08, 1.0, 1.0, 1.0, 1.0, 3.899999967416079e-08]
2025-10-24T01:56:22.058982,P1233,0,[1.0, 9.999999717180685e-10, 1.0, 1.0, 3.999999886872274e-09, 4.999999969612645e-09, 1.0, 1.0, 7.999999773744548e-09, 8.99999985648492e-09, 1.0, 1.0, 1.0, 1.0, 1.0, 1.0, 1.0, 1.0, 1.799999971296984e-08, 1.0, 1.0, 2.099999996119095e-08, 1.0, 1.0, 1.0, 1.0, 2.6000000374892807e-08, 1.0, 1.0, 1.0, 1.0, 3.099999901223782e-08, 1.0, 3.2999999177718564e-08, 1.0, 3.4999999343199306e-08, 1.0, 1.0, 3.799999959142042e-08, 3.899999967416079e-08]
2025-10-24T02:17:18.637548,P2334,0,[1.0, 9.999999717180685e-10, 1.999999943436137e-09, 1.0, 3.999999886872274e-09, 1.0, 1.0, 1.0, 7.999999773744548e-09, 8.99999985648492e-09, 1.0, 1.1000000021965661e-08, 1.0, 1.0, 1.4000000270186774e-08, 1.0, 1.5999999547489097e-08, 1.0, 1.799999971296984e-08, 1.899999979571021e-08, 1.999999987845058e-08, 2.099999996119095e-08, 2.2000000043931323e-08, 2.3000000126671694e-08, 1.0, 1.0, 2.6000000374892807e-08, 1.0, 2.800000054037355e-08, 2.900000062311392e-08, 2.999999892949745e-08, 3.099999901223782e-08, 3.199999909497819e-08, 3.2999999177718564e-08, 3.3999999260458935e-08, 1.0, 1.0, 1.0, 1.0, 3.899999967416079e-08]
2025-10-24T02:17:37.621159,P2334,0,[1.0, 9.999999717180685e-10, 1.0, 1.0, 3.999999886872274e-09, 4.999999969612645e-09, 1.0, 1.0, 7.999999773744548e-09, 8.99999985648492e-09, 1.0, 1.0, 1.0, 1.0, 1.0, 1.0, 1.0, 1.0, 1.799999971296984e-08, 1.0, 1.0, 2.099999996119095e-08, 1.0, 1.0, 1.0, 1.0, 2.6000000374892807e-08, 1.0, 1.0, 1.0, 1.0, 3.099999901223782e-08, 1.0, 3.2999999177718564e-08, 1.0, 3.4999999343199306e-08, 1.0, 1.0, 3.799999959142042e-08, 3.899999967416079e-08]
2025-10-24T02:18:01.673293,P2334,0,[1.0, 1.0, 1.0, 1.0, 1.0, 1.0, 1.0, 1.0, 1.0, 1.0, 1.0, 1.0, 1.0, 1.0, 1.0, 1.0, 1.0, 1.6999999630229468e-08, 1.0, 1.0, 1.0, 1.0, 1.0, 1.0, 1.0, 1.0, 1.0, 1.0, 1.0, 1.0, 1.0, 1.0, 1.0, 1.0, 1.0, 1.0, 1.0, 1.0, 1.0, 1.0]
2025-10-24T03:04:57.433590,P1203,0,[1.0, 1.0, 1.0, 1.0, 1.0, 1.0, 1.0, 1.0, 1.0, 1.0, 1.0, 1.0, 1.0, 1.0, 1.0, 1.0, 1.0, 1.0, 1.0, 1.0, 1.0, 1.0, 1.0, 1.0, 1.0, 1.0, 1.0, 1.0, 1.0, 1.0, 1.0, 1.0, 1.0, 3.2999999177718564e-08, 1.0, 1.0, 1.0, 3.699999950868005e-08, 1.0, 1.0]
2025-10-24T03:05:16.033731,P1203,0,[1.0, 1.0, 1.0, 1.0, 1.0, 1.0, 1.0, 1.0, 1.0, 1.0, 1.0, 1.0, 1.0, 1.0, 1.0, 1.0, 1.0, 1.6999999630229468e-08, 1.0, 1.0, 1.0, 1.0, 1.0, 1.0, 1.0, 1.0, 1.0, 1.0, 1.0, 1.0, 1.0, 1.0, 1.0, 1.0, 1.0, 1.0, 1.0, 1.0, 1.0, 1.0]
2025-10-24T03:07:34.028904,P1230,0,[1.0, 9.999999717180685e-10, 1.999999943436137e-09, 1.0, 3.999999886872274e-09, 1.0, 1.0, 1.0, 7.999999773744548e-09, 8.99999985648492e-09, 1.0, 1.1000000021965661e-08, 1.0, 1.0, 1.4000000270186774e-08, 1.0, 1.5999999547489097e-08, 1.0, 1.799999971296984e-08, 1.899999979571021e-08, 1.999999987845058e-08, 2.099999996119095e-08, 2.2000000043931323e-08, 2.3000000126671694e-08, 1.0, 1.0, 2.6000000374892807e-08, 1.0, 2.800000054037355e-08, 2.900000062311392e-08, 2.999999892949745e-08, 3.099999901223782e-08, 3.199999909497819e-08, 3.2999999177718564e-08, 3.3999999260458935e-08, 1.0, 1.0, 1.0, 1.0, 3.899999967416079e-08]
2025-10-24T03:15:55.847572,P334,39,[0.0, 9.999999717180685e-10, 1.999999943436137e-09, 3.000000026176508e-09, 3.999999886872274e-09, 4.999999969612645e-09, 6.000000052353016e-09, 7.000000135093387e-09, 7.999999773744548e-09, 8.99999985648492e-09, 9.99999993922529e-09, 1.1000000021965661e-08, 1.2000000104706032e-08, 1.3000000187446403e-08, 1.4000000270186774e-08, 1.4999999464748726e-08, 1.5999999547489097e-08, 1.6999999630229468e-08, 1.799999971296984e-08, 1.899999979571021e-08, 1.999999987845058e-08, 2.099999996119095e-08, 2.2000000043931323e-08, 2.3000000126671694e-08, 2.4000000209412065e-08, 2.5000000292152436e-08, 2.6000000374892807e-08, 2.7000000457633178e-08, 2.800000054037355e-08, 2.900000062311392e-08, 2.999999892949745e-08, 3.099999901223782e-08, 3.199999909497819e-08, 3.2999999177718564e-08, 3.3999999260458935e-08, 3.4999999343199306e-08, 3.599999942593968e-08, 3.699999950868005e-08, 3.799999959142042e-08, 3.899999967416079e-08]
2025-10-24T03:16:40.457395,P334,39,[0.0, 9.999999717180685e-10, 1.999999943436137e-09, 3.000000026176508e-09, 3.999999886872274e-09, 4.999999969612645e-09, 6.000000052353016e-09, 7.000000135093387e-09, 7.999999773744548e-09, 8.99999985648492e-09, 9.99999993922529e-09, 1.1000000021965661e-08, 1.2000000104706032e-08, 1.3000000187446403e-08, 1.4000000270186774e-08, 1.4999999464748726e-08, 1.5999999547489097e-08, 1.6999999630229468e-08, 1.799999971296984e-08, 1.899999979571021e-08, 1.999999987845058e-08, 2.099999996119095e-08, 2.2000000043931323e-08, 2.3000000126671694e-08, 2.4000000209412065e-08, 2.5000000292152436e-08, 2.6000000374892807e-08, 2.7000000457633178e-08, 2.800000054037355e-08, 2.900000062311392e-08, 2.999999892949745e-08, 3.099999901223782e-08, 3.199999909497819e-08, 3.2999999177718564e-08, 3.3999999260458935e-08, 3.4999999343199306e-08, 3.599999942593968e-08, 3.699999950868005e-08, 3.799999959142042e-08, 3.899999967416079e-08]
2025-10-24T03:17:19.317120,P334,39,[0.0, 9.999999717180685e-10, 1.999999943436137e-09, 3.000000026176508e-09, 3.999999886872274e-09, 4.999999969612645e-09, 6.000000052353016e-09, 7.000000135093387e-09, 7.999999773744548e-09, 8.99999985648492e-09, 9.99999993922529e-09, 1.1000000021965661e-08, 1.2000000104706032e-08, 1.3000000187446403e-08, 1.4000000270186774e-08, 1.4999999464748726e-08, 1.5999999547489097e-08, 1.6999999630229468e-08, 1.799999971296984e-08, 1.899999979571021e-08, 1.999999987845058e-08, 2.099999996119095e-08, 2.2000000043931323e-08, 2.3000000126671694e-08, 2.4000000209412065e-08, 2.5000000292152436e-08, 2.6000000374892807e-08, 2.7000000457633178e-08, 2.800000054037355e-08, 2.900000062311392e-08, 2.999999892949745e-08, 3.099999901223782e-08, 3.199999909497819e-08, 3.2999999177718564e-08, 3.3999999260458935e-08, 3.4999999343199306e-08, 3.599999942593968e-08, 3.699999950868005e-08, 3.799999959142042e-08, 3.899999967416079e-08]
2025-10-24T03:21:52.578777,P100,39,[0.0, 9.999999717180685e-10, 1.999999943436137e-09, 3.000000026176508e-09, 3.999999886872274e-09, 4.999999969612645e-09, 6.000000052353016e-09, 7.000000135093387e-09, 7.999999773744548e-09, 8.99999985648492e-09, 9.99999993922529e-09, 1.1000000021965661e-08, 1.2000000104706032e-08, 1.3000000187446403e-08, 1.4000000270186774e-08, 1.4999999464748726e-08, 1.5999999547489097e-08, 1.6999999630229468e-08, 1.799999971296984e-08, 1.899999979571021e-08, 1.999999987845058e-08, 2.099999996119095e-08, 2.2000000043931323e-08, 2.3000000126671694e-08, 2.4000000209412065e-08, 2.5000000292152436e-08, 2.6000000374892807e-08, 2.7000000457633178e-08, 2.800000054037355e-08, 2.900000062311392e-08, 2.999999892949745e-08, 3.099999901223782e-08, 3.199999909497819e-08, 3.2999999177718564e-08, 3.3999999260458935e-08, 3.4999999343199306e-08, 3.599999942593968e-08, 3.699999950868005e-08, 3.799999959142042e-08, 3.899999967416079e-08]
2025-10-24T03:37:11.673866,P12034,39,[0.0, 9.999999717180685e-10, 1.999999943436137e-09, 3.000000026176508e-09, 3.999999886872274e-09, 4.999999969612645e-09, 6.000000052353016e-09, 7.000000135093387e-09, 7.999999773744548e-09, 8.99999985648492e-09, 9.99999993922529e-09, 1.1000000021965661e-08, 1.2000000104706032e-08, 1.3000000187446403e-08, 1.4000000270186774e-08, 1.4999999464748726e-08, 1.5999999547489097e-08, 1.6999999630229468e-08, 1.799999971296984e-08, 1.899999979571021e-08, 1.999999987845058e-08, 2.099999996119095e-08, 2.2000000043931323e-08, 2.3000000126671694e-08, 2.4000000209412065e-08, 2.5000000292152436e-08, 2.6000000374892807e-08, 2.7000000457633178e-08, 2.800000054037355e-08, 2.900000062311392e-08, 2.999999892949745e-08, 3.099999901223782e-08, 3.199999909497819e-08, 3.2999999177718564e-08, 3.3999999260458935e-08, 3.4999999343199306e-08, 3.599999942593968e-08, 3.699999950868005e-08, 3.799999959142042e-08, 3.899999967416079e-08]
2025-10-24T03:42:26.175887,R2345,39,[0.0, 9.999999717180685e-10, 1.999999943436137e-09, 3.000000026176508e-09, 3.999999886872274e-09, 4.999999969612645e-09, 6.000000052353016e-09, 7.000000135093387e-09, 7.999999773744548e-09, 8.99999985648492e-09, 9.99999993922529e-09, 1.1000000021965661e-08, 1.2000000104706032e-08, 1.3000000187446403e-08, 1.4000000270186774e-08, 1.4999999464748726e-08, 1.5999999547489097e-08, 1.6999999630229468e-08, 1.799999971296984e-08, 1.899999979571021e-08, 1.999999987845058e-08, 2.099999996119095e-08, 2.2000000043931323e-08, 2.3000000126671694e-08, 2.4000000209412065e-08, 2.5000000292152436e-08, 2.6000000374892807e-08, 2.7000000457633178e-08, 2.800000054037355e-08, 2.900000062311392e-08, 2.999999892949745e-08, 3.099999901223782e-08, 3.199999909497819e-08, 3.2999999177718564e-08, 3.3999999260458935e-08, 3.4999999343199306e-08, 3.599999942593968e-08, 3.699999950868005e-08, 3.799999959142042e-08, 3.899999967416079e-08]
2025-10-25T04:58:54.431626,P120,39,[0.0, 9.999999717180685e-10, 1.999999943436137e-09, 3.000000026176508e-09, 3.999999886872274e-09, 4.999999969612645e-09, 6.000000052353016e-09, 7.000000135093387e-09, 7.999999773744548e-09, 8.99999985648492e-09, 9.99999993922529e-09, 1.1000000021965661e-08, 1.2000000104706032e-08, 1.3000000187446403e-08, 1.4000000270186774e-08, 1.4999999464748726e-08, 1.5999999547489097e-08, 1.6999999630229468e-08, 1.799999971296984e-08, 1.899999979571021e-08, 1.999999987845058e-08, 2.099999996119095e-08, 2.2000000043931323e-08, 2.3000000126671694e-08, 2.4000000209412065e-08, 2.5000000292152436e-08, 2.6000000374892807e-08, 2.7000000457633178e-08, 2.800000054037355e-08, 2.900000062311392e-08, 2.999999892949745e-08, 3.099999901223782e-08, 3.199999909497819e-08, 3.2999999177718564e-08, 3.3999999260458935e-08, 3.4999999343199306e-08, 3.599999942593968e-08, 3.699999950868005e-08, 3.799999959142042e-08, 3.899999967416079e-08]
2025-10-25T04:59:16.591069,P120,39,[0.0, 9.999999717180685e-10, 1.999999943436137e-09, 3.000000026176508e-09, 3.999999886872274e-09, 4.999999969612645e-09, 6.000000052353016e-09, 7.000000135093387e-09, 7.999999773744548e-09, 8.99999985648492e-09, 9.99999993922529e-09, 1.1000000021965661e-08, 1.2000000104706032e-08, 1.3000000187446403e-08, 1.4000000270186774e-08, 1.4999999464748726e-08, 1.5999999547489097e-08, 1.6999999630229468e-08, 1.799999971296984e-08, 1.899999979571021e-08, 1.999999987845058e-08, 2.099999996119095e-08, 2.2000000043931323e-08, 2.3000000126671694e-08, 2.4000000209412065e-08, 2.5000000292152436e-08, 2.6000000374892807e-08, 2.7000000457633178e-08, 2.800000054037355e-08, 2.900000062311392e-08, 2.999999892949745e-08, 3.099999901223782e-08, 3.199999909497819e-08, 3.2999999177718564e-08, 3.3999999260458935e-08, 3.4999999343199306e-08, 3.599999942593968e-08, 3.699999950868005e-08, 3.799999959142042e-08, 3.899999967416079e-08]
2025-10-25T05:18:38.681535,P1230,38,[1.0, 9.999999717180685e-10, 1.999999943436137e-09, 1.000000003, 3.999999886872274e-09, 1.000000005, 1.000000006, 1.0000000070000001, 7.999999773744548e-09, 8.99999985648492e-09, 1.00000001, 1.1000000021965661e-08, 1.000000012, 1.0000000130000002, 1.4000000270186774e-08, 1.0000000149999995, 1.5999999547489097e-08, 1.0000000169999996, 1.799999971296984e-08, 1.899999979571021e-08, 1.999999987845058e-08, 2.099999996119095e-08, 2.2000000043931323e-08, 2.3000000126671694e-08, 1.0000000240000002, 1.0000000250000003, 2.6000000374892807e-08, 1.0000000270000005, 2.800000054037355e-08, 2.900000062311392e-08, 2.999999892949745e-08, 3.099999901223782e-08, 3.199999909497819e-08, 3.2999999177718564e-08, 3.3999999260458935e-08, 1.0000000349999993, 1.0000000359999994, 1.0000000369999995, 1.0000000379999996, 3.899999967416079e-08]
2025-10-25T05:18:42.428761,P1230,38,[1.0, 9.999999717180685e-10, 1.999999943436137e-09, 1.000000003, 3.999999886872274e-09, 1.000000005, 1.000000006, 1.0000000070000001, 7.999999773744548e-09, 8.99999985648492e-09, 1.00000001, 1.1000000021965661e-08, 1.000000012, 1.0000000130000002, 1.4000000270186774e-08, 1.0000000149999995, 1.5999999547489097e-08, 1.0000000169999996, 1.799999971296984e-08, 1.899999979571021e-08, 1.999999987845058e-08, 2.099999996119095e-08, 2.2000000043931323e-08, 2.3000000126671694e-08, 1.0000000240000002, 1.0000000250000003, 2.6000000374892807e-08, 1.0000000270000005, 2.800000054037355e-08, 2.900000062311392e-08, 2.999999892949745e-08, 3.099999901223782e-08, 3.199999909497819e-08, 3.2999999177718564e-08, 3.3999999260458935e-08, 1.0000000349999993, 1.0000000359999994, 1.0000000369999995, 1.0000000379999996, 3.899999967416079e-08]
2025-10-25T05:18:53.452918,P1230,39,[1.0, 1.000000001, 1.000000002, 1.000000003, 1.0000000039999999, 1.000000005, 1.000000006, 1.0000000070000001, 1.0000000079999998, 1.0000000089999999, 1.00000001, 1.000000011, 1.000000012, 1.0000000130000002, 1.0000000140000003, 1.0000000149999995, 1.0000000159999995, 1.6999999630229468e-08, 1.0000000179999997, 1.0000000189999998, 1.0000000199999999, 1.000000021, 1.000000022, 1.0000000230000001, 1.0000000240000002, 1.0000000250000003, 1.0000000260000004, 1.0000000270000005, 1.0000000280000005, 1.0000000290000006, 1.000000029999999, 1.000000030999999, 1.000000031999999, 1.0000000329999992, 1.0000000339999993, 1.0000000349999993, 1.0000000359999994, 1.0000000369999995, 1.0000000379999996, 1.0000000389999997]
2025-10-25T05:35:59.474838,P211,0,[1.0, 9.999999717180685e-10, 1.999999943436137e-09, 1.0, 3.999999886872274e-09, 1.0, 1.0, 1.0, 7.999999773744548e-09, 8.99999985648492e-09, 1.0, 1.1000000021965661e-08, 1.0, 1.0, 1.4000000270186774e-08, 1.0, 1.5999999547489097e-08, 1.0, 1.799999971296984e-08, 1.899999979571021e-08, 1.999999987845058e-08, 2.099999996119095e-08, 2.2000000043931323e-08, 2.3000000126671694e-08, 1.0, 1.0, 2.6000000374892807e-08, 1.0, 2.800000054037355e-08, 2.900000062311392e-08, 2.999999892949745e-08, 3.099999901223782e-08, 3.199999909497819e-08, 3.2999999177718564e-08, 3.3999999260458935e-08, 1.0, 1.0, 1.0, 1.0, 3.899999967416079e-08]
2025-10-25T05:36:20.859291,P211,0,[1.0, 9.999999717180685e-10, 1.0, 1.0, 3.999999886872274e-09, 4.999999969612645e-09, 1.0, 1.0, 7.999999773744548e-09, 8.99999985648492e-09, 1.0, 1.0, 1.0, 1.0, 1.0, 1.0, 1.0, 1.0, 1.799999971296984e-08, 1.0, 1.0, 2.099999996119095e-08, 1.0, 1.0, 1.0, 1.0, 2.6000000374892807e-08, 1.0, 1.0, 1.0, 1.0, 3.099999901223782e-08, 1.0, 3.2999999177718564e-08, 1.0, 3.4999999343199306e-08, 1.0, 1.0, 3.799999959142042e-08, 3.899999967416079e-08]
2025-10-25T05:43:20.878747,P123,38,[1.0, 9.999999717180685e-10, 1.999999943436137e-09, 1.000000003, 3.999999886872274e-09, 1.000000005, 1.000000006, 1.0000000070000001, 7.999999773744548e-09, 8.99999985648492e-09, 1.00000001, 1.1000000021965661e-08, 1.000000012, 1.0000000130000002, 1.4000000270186774e-08, 1.0000000149999995, 1.5999999547489097e-08, 1.0000000169999996, 1.799999971296984e-08, 1.899999979571021e-08, 1.999999987845058e-08, 2.099999996119095e-08, 2.2000000043931323e-08, 2.3000000126671694e-08, 1.0000000240000002, 1.0000000250000003, 2.6000000374892807e-08, 1.0000000270000005, 2.800000054037355e-08, 2.900000062311392e-08, 2.999999892949745e-08, 3.099999901223782e-08, 3.199999909497819e-08, 3.2999999177718564e-08, 3.3999999260458935e-08, 1.0000000349999993, 1.0000000359999994, 1.0000000369999995, 1.0000000379999996, 3.899999967416079e-08]
2025-10-25T06:02:35.279043,P1234,3,[0.9397716522216797, 0.0010023723589256406, 0.2910193204879761, 0.9999799728393555, 0.19323763251304626, 0.993078351020813, 0.8781656622886658, 0.9965789318084717, 0.0057580252178013325, 0.019137362018227577, 0.9998996257781982, 0.0036724021192640066, 0.9798344373703003, 0.6029534339904785, 5.946963210590184e-05, 0.9971156120300293, 0.07887284457683563, 0.9338152408599854, 0.1562473624944687, 0.2967798411846161, 0.03734086826443672, 0.18343617022037506, 0.00044026190880686045, 0.010964983142912388, 0.9467760324478149, 0.9986778497695923, 0.27215132117271423, 0.9955102205276489, 0.27186867594718933, 0.045496582984924316, 0.23668211698532104, 0.0031846773345023394, 0.2080027163028717, 0.016622040420770645, 0.06178668513894081, 0.8951238989830017, 0.6149360537528992, 0.9420823454856873, 0.6093084216117859, 0.022543320432305336]
2025-10-25T06:02:58.036289,P1234,28,[0.8228695392608643, 0.007638097740709782, 0.9999945163726807, 0.999993622303009, 0.2808401584625244, 0.011375312693417072, 0.9960614442825317, 0.9999687671661377, 0.3051733672618866, 0.00517297675833106, 0.9999752044677734, 0.9982724189758301, 0.8450460433959961, 0.999962568283081, 0.7072934508323669, 0.9999930262565613, 0.9993513822555542, 0.999894380569458, 0.43571922183036804, 0.992962121963501, 0.807111918926239, 0.010372958146035671, 0.9877855777740479, 0.9723691940307617, 0.9999992251396179, 0.9924556016921997, 0.22646915912628174, 0.9999933242797852, 0.9999997019767761, 0.9997981786727905, 0.9980737566947937, 0.48310524225234985, 0.9981966614723206, 0.28466299176216125, 0.7286887764930725, 0.023185735568404198, 0.9883653521537781, 0.9965124726295471, 0.032641418278217316, 0.37946799397468567]
2025-10-25T06:03:18.255388,P1234,39,[0.9998371601104736, 1.0, 0.9965951442718506, 0.9969350099563599, 0.999998927116394, 0.9969674348831177, 0.999946653842926, 1.0, 0.9997997283935547, 0.9997025728225708, 0.95518958568573, 0.9999998807907104, 0.9999997615814209, 0.9903188943862915, 0.9999973177909851, 1.0, 0.9999252557754517, 0.31377989053726196, 0.9998334646224976, 0.9684953689575195, 0.9998656511306763, 0.998069703578949, 0.9999998211860657, 0.9999998807907104, 0.9998561143875122, 0.9999953508377075, 0.999952495098114, 0.9858533143997192, 0.9997285008430481, 0.9999984502792358, 0.9999968409538269, 0.9999925494194031, 0.9999844431877136, 0.9999849796295166, 0.9999999403953552, 0.9999589920043945, 0.9999462962150574, 0.9999991059303284, 0.9966391921043396, 1.0]
2025-10-25T06:03:54.606249,P1234,25,[0.9999974370002747, 0.9985877871513367, 0.9999759197235107, 1.0, 0.06106502190232277, 0.997518002986908, 0.9999911785125732, 0.9999995827674866, 0.6384056806564331, 0.7585166692733765, 1.0, 0.9999719262123108, 0.9996625185012817, 0.9999985694885254, 0.2294982224702835, 0.9938218593597412, 0.9982948303222656, 0.9999999403953552, 0.9988707304000854, 0.973668098449707, 0.9999971389770508, 0.6655166745185852, 0.9991953372955322, 0.8098803758621216, 1.0, 1.0, 0.8545563817024231, 0.9964487552642822, 0.9999985694885254, 0.9999920129776001, 0.9932613968849182, 0.9999977946281433, 0.9999986290931702, 0.0009692343301139772, 0.9959133863449097, 0.7698201537132263, 0.9999977946281433, 0.2710612118244171, 0.9999912977218628, 0.9899049997329712]
2025-10-25T06:07:35.590913,P1234,15,[0.7386990785598755, 0.9996055364608765, 0.0066769737750291824, 0.9400736689567566, 0.9999982118606567, 0.9999568462371826, 0.8783430457115173, 0.9137670993804932, 0.9762011766433716, 0.0010849625105038285, 0.9985206127166748, 1.1000000021965661e-08, 0.8092035055160522, 0.9204525947570801, 0.0060983141884207726, 0.9999998807907104, 0.30613139271736145, 0.054503221064805984, 0.08162035048007965, 0.08124097436666489, 0.0012796721421182156, 0.9981474876403809, 0.050788335502147675, 0.25955602526664734, 0.5768990516662598, 0.05031194910407066, 0.014680858701467514, 0.04644301161170006, 0.0024621766060590744, 0.5752384662628174, 0.8483975529670715, 0.025660546496510506, 0.628808319568634, 0.9925044775009155, 0.812535285949707, 0.9995572566986084, 0.3736221492290497, 0.9911121129989624, 0.9845291972160339, 0.25122323632240295]
2025-10-25T06:12:15.985204,P1234,3,[0.9397716522216797, 0.0010023723589256406, 0.2910193204879761, 0.9999799728393555, 0.19323763251304626, 0.993078351020813, 0.8781656622886658, 0.9965789318084717, 0.0057580252178013325, 0.019137362018227577, 0.9998996257781982, 0.0036724021192640066, 0.9798344373703003, 0.6029534339904785, 5.946963210590184e-05, 0.9971156120300293, 0.07887284457683563, 0.9338152408599854, 0.1562473624944687, 0.2967798411846161, 0.03734086826443672, 0.18343617022037506, 0.00044026190880686045, 0.010964983142912388, 0.9467760324478149, 0.9986778497695923, 0.27215132117271423, 0.9955102205276489, 0.27186867594718933, 0.045496582984924316, 0.23668211698532104, 0.0031846773345023394, 0.2080027163028717, 0.016622040420770645, 0.06178668513894081, 0.8951238989830017, 0.6149360537528992, 0.9420823454856873, 0.6093084216117859, 0.022543320432305336]
2025-10-25T06:12:37.606829,P1234,39,[0.9998371601104736, 1.0, 0.9965951442718506, 0.9969350099563599, 0.999998927116394, 0.9969674348831177, 0.999946653842926, 1.0, 0.9997997283935547, 0.9997025728225708, 0.95518958568573, 0.9999998807907104, 0.9999997615814209, 0.9903188943862915, 0.9999973177909851, 1.0, 0.9999252557754517, 0.31377989053726196, 0.9998334646224976, 0.9684953689575195, 0.9998656511306763, 0.998069703578949, 0.9999998211860657, 0.9999998807907104, 0.9998561143875122, 0.9999953508377075, 0.999952495098114, 0.9858533143997192, 0.9997285008430481, 0.9999984502792358, 0.9999968409538269, 0.9999925494194031, 0.9999844431877136, 0.9999849796295166, 0.9999999403953552, 0.9999589920043945, 0.9999462962150574, 0.9999991059303284, 0.9966391921043396, 1.0]
2025-10-25T06:13:01.515605,P1234,28,[0.8228695392608643, 0.007638097740709782, 0.9999945163726807, 0.999993622303009, 0.2808401584625244, 0.011375312693417072, 0.9960614442825317, 0.9999687671661377, 0.3051733672618866, 0.00517297675833106, 0.9999752044677734, 0.9982724189758301, 0.8450460433959961, 0.999962568283081, 0.7072934508323669, 0.9999930262565613, 0.9993513822555542, 0.999894380569458, 0.43571922183036804, 0.992962121963501, 0.807111918926239, 0.010372958146035671, 0.9877855777740479, 0.9723691940307617, 0.9999992251396179, 0.9924556016921997, 0.22646915912628174, 0.9999933242797852, 0.9999997019767761, 0.9997981786727905, 0.9980737566947937, 0.48310524225234985, 0.9981966614723206, 0.28466299176216125, 0.7286887764930725, 0.023185735568404198, 0.9883653521537781, 0.9965124726295471, 0.032641418278217316, 0.37946799397468567]
2025-10-25T06:13:19.581794,P1234,1,[0.001607447862625122, 0.999992847442627, 0.9840699434280396, 0.26401689648628235, 0.9608287215232849, 0.9052725434303284, 0.3300284743309021, 0.9727363586425781, 0.9979368448257446, 0.9980117082595825, 0.9389799237251282, 0.0012970080133527517, 0.9664085507392883, 0.0571163110435009, 0.010080828331410885, 0.9365918636322021, 0.363057404756546, 0.0594346709549427, 0.25430068373680115, 0.7390424013137817, 0.9874224662780762, 0.09213470667600632, 0.914237916469574, 0.9895550012588501, 0.7833095192909241, 0.9741488695144653, 0.9566377401351929, 0.23723414540290833, 0.004258451983332634, 0.9998974800109863, 0.25012996792793274, 0.13490325212478638, 0.9936036467552185, 0.06720134615898132, 0.9996780753135681, 0.749326765537262, 0.999935507774353, 0.9981117844581604, 0.9677721858024597, 0.9989957213401794]
2025-10-25T06:22:16.824827,P123,3,[0.9397716522216797, 0.0010023723589256406, 0.2910193204879761, 0.9999799728393555, 0.19323763251304626, 0.993078351020813, 0.8781656622886658, 0.9965789318084717, 0.0057580252178013325, 0.019137362018227577, 0.9998996257781982, 0.0036724021192640066, 0.9798344373703003, 0.6029534339904785, 5.946963210590184e-05, 0.9971156120300293, 0.07887284457683563, 0.9338152408599854, 0.1562473624944687, 0.2967798411846161, 0.03734086826443672, 0.18343617022037506, 0.00044026190880686045, 0.010964983142912388, 0.9467760324478149, 0.9986778497695923, 0.27215132117271423, 0.9955102205276489, 0.27186867594718933, 0.045496582984924316, 0.23668211698532104, 0.0031846773345023394, 0.2080027163028717, 0.016622040420770645, 0.06178668513894081, 0.8951238989830017, 0.6149360537528992, 0.9420823454856873, 0.6093084216117859, 0.022543320432305336]
2025-10-25T06:24:28.317053,P12003,3,[0.9397716522216797, 0.0010023723589256406, 0.2910193204879761, 0.9999799728393555, 0.19323763251304626, 0.993078351020813, 0.8781656622886658, 0.9965789318084717, 0.0057580252178013325, 0.019137362018227577, 0.9998996257781982, 0.0036724021192640066, 0.9798344373703003, 0.6029534339904785, 5.946963210590184e-05, 0.9971156120300293, 0.07887284457683563, 0.9338152408599854, 0.1562473624944687, 0.2967798411846161, 0.03734086826443672, 0.18343617022037506, 0.00044026190880686045, 0.010964983142912388, 0.9467760324478149, 0.9986778497695923, 0.27215132117271423, 0.9955102205276489, 0.27186867594718933, 0.045496582984924316, 0.23668211698532104, 0.0031846773345023394, 0.2080027163028717, 0.016622040420770645, 0.06178668513894081, 0.8951238989830017, 0.6149360537528992, 0.9420823454856873, 0.6093084216117859, 0.022543320432305336]
2025-10-25T06:26:25.778212,Test1,28,[0.8228695392608643, 0.007638097740709782, 0.9999945163726807, 0.999993622303009, 0.2808401584625244, 0.011375312693417072, 0.9960614442825317, 0.9999687671661377, 0.3051733672618866, 0.00517297675833106, 0.9999752044677734, 0.9982724189758301, 0.8450460433959961, 0.999962568283081, 0.7072934508323669, 0.9999930262565613, 0.9993513822555542, 0.999894380569458, 0.43571922183036804, 0.992962121963501, 0.807111918926239, 0.010372958146035671, 0.9877855777740479, 0.9723691940307617, 0.9999992251396179, 0.9924556016921997, 0.22646915912628174, 0.9999933242797852, 0.9999997019767761, 0.9997981786727905, 0.9980737566947937, 0.48310524225234985, 0.9981966614723206, 0.28466299176216125, 0.7286887764930725, 0.023185735568404198, 0.9883653521537781, 0.9965124726295471, 0.032641418278217316, 0.37946799397468567]
2025-10-25T06:26:49.291976,Test 2,39,[0.9998371601104736, 1.0, 0.9965951442718506, 0.9969350099563599, 0.999998927116394, 0.9969674348831177, 0.999946653842926, 1.0, 0.9997997283935547, 0.9997025728225708, 0.95518958568573, 0.9999998807907104, 0.9999997615814209, 0.9903188943862915, 0.9999973177909851, 1.0, 0.9999252557754517, 0.31377989053726196, 0.9998334646224976, 0.9684953689575195, 0.9998656511306763, 0.998069703578949, 0.9999998211860657, 0.9999998807907104, 0.9998561143875122, 0.9999953508377075, 0.999952495098114, 0.9858533143997192, 0.9997285008430481, 0.9999984502792358, 0.9999968409538269, 0.9999925494194031, 0.9999844431877136, 0.9999849796295166, 0.9999999403953552, 0.9999589920043945, 0.9999462962150574, 0.9999991059303284, 0.9966391921043396, 1.0]
2025-10-25T06:27:21.144024,Test 3,3,[0.9397716522216797, 0.0010023723589256406, 0.2910193204879761, 0.9999799728393555, 0.19323763251304626, 0.993078351020813, 0.8781656622886658, 0.9965789318084717, 0.0057580252178013325, 0.019137362018227577, 0.9998996257781982, 0.0036724021192640066, 0.9798344373703003, 0.6029534339904785, 5.946963210590184e-05, 0.9971156120300293, 0.07887284457683563, 0.9338152408599854, 0.1562473624944687, 0.2967798411846161, 0.03734086826443672, 0.18343617022037506, 0.00044026190880686045, 0.010964983142912388, 0.9467760324478149, 0.9986778497695923, 0.27215132117271423, 0.9955102205276489, 0.27186867594718933, 0.045496582984924316, 0.23668211698532104, 0.0031846773345023394, 0.2080027163028717, 0.016622040420770645, 0.06178668513894081, 0.8951238989830017, 0.6149360537528992, 0.9420823454856873, 0.6093084216117859, 0.022543320432305336]
2025-10-25T06:28:08.528722,Test 4,28,[0.9999775886535645, 0.9995579719543457, 0.999987006187439, 1.0, 0.9997333288192749, 0.9839118719100952, 0.9997100234031677, 0.9999998211860657, 0.9857324361801147, 0.02696380950510502, 0.9999966025352478, 0.9988994598388672, 0.9833217263221741, 0.9999933838844299, 0.072707399725914, 0.9999985098838806, 0.14141203463077545, 0.9999439120292664, 0.8330603241920471, 0.34353765845298767, 0.9476698637008667, 0.33267825841903687, 0.9960449934005737, 0.9310791492462158, 0.9999751448631287, 0.9866573810577393, 0.4141535460948944, 0.9999386072158813, 1.0, 0.8490696549415588, 0.9999998807907104, 0.8741622567176819, 0.9914510846138, 0.4982324540615082, 0.9990590214729309, 0.9997663497924805, 0.9999844431877136, 0.1190587654709816, 0.9987177848815918, 0.9737273454666138]
2025-10-25T06:28:26.430570,Test 5,3,[0.9397716522216797, 0.0010023723589256406, 0.2910193204879761, 0.9999799728393555, 0.19323763251304626, 0.993078351020813, 0.8781656622886658, 0.9965789318084717, 0.0057580252178013325, 0.019137362018227577, 0.9998996257781982, 0.0036724021192640066, 0.9798344373703003, 0.6029534339904785, 5.946963210590184e-05, 0.9971156120300293, 0.07887284457683563, 0.9338152408599854, 0.1562473624944687, 0.2967798411846161, 0.03734086826443672, 0.18343617022037506, 0.00044026190880686045, 0.010964983142912388, 0.9467760324478149, 0.9986778497695923, 0.27215132117271423, 0.9955102205276489, 0.27186867594718933, 0.045496582984924316, 0.23668211698532104, 0.0031846773345023394, 0.2080027163028717, 0.016622040420770645, 0.06178668513894081, 0.8951238989830017, 0.6149360537528992, 0.9420823454856873, 0.6093084216117859, 0.022543320432305336]
2025-10-25T06:28:57.315260,Test 6,28,[0.8228695392608643, 0.007638097740709782, 0.9999945163726807, 0.999993622303009, 0.2808401584625244, 0.011375312693417072, 0.9960614442825317, 0.9999687671661377, 0.3051733672618866, 0.00517297675833106, 0.9999752044677734, 0.9982724189758301, 0.8450460433959961, 0.999962568283081, 0.7072934508323669, 0.9999930262565613, 0.9993513822555542, 0.999894380569458, 0.43571922183036804, 0.992962121963501, 0.807111918926239, 0.010372958146035671, 0.9877855777740479, 0.9723691940307617, 0.9999992251396179, 0.9924556016921997, 0.22646915912628174, 0.9999933242797852, 0.9999997019767761, 0.9997981786727905, 0.9980737566947937, 0.48310524225234985, 0.9981966614723206, 0.28466299176216125, 0.7286887764930725, 0.023185735568404198, 0.9883653521537781, 0.9965124726295471, 0.032641418278217316, 0.37946799397468567]
2025-10-25T06:44:36.779485,Test 1,3,[0.9397716522216797, 0.0010023723589256406, 0.2910193204879761, 0.9999799728393555, 0.19323763251304626, 0.993078351020813, 0.8781656622886658, 0.9965789318084717, 0.0057580252178013325, 0.019137362018227577, 0.9998996257781982, 0.0036724021192640066, 0.9798344373703003, 0.6029534339904785, 5.946963210590184e-05, 0.9971156120300293, 0.07887284457683563, 0.9338152408599854, 0.1562473624944687, 0.2967798411846161, 0.03734086826443672, 0.18343617022037506, 0.00044026190880686045, 0.010964983142912388, 0.9467760324478149, 0.9986778497695923, 0.27215132117271423, 0.9955102205276489, 0.27186867594718933, 0.045496582984924316, 0.23668211698532104, 0.0031846773345023394, 0.2080027163028717, 0.016622040420770645, 0.06178668513894081, 0.8951238989830017, 0.6149360537528992, 0.9420823454856873, 0.6093084216117859, 0.022543320432305336]
2025-10-25T06:44:54.814408,Test 1,3,[0.37579345703125, 0.00023907523427624255, 0.9938958287239075, 0.999998152256012, 0.1652027666568756, 0.016210203990340233, 0.9929249286651611, 0.9938822388648987, 0.0011057337978854775, 0.0006732732872478664, 0.9997631311416626, 0.5138099789619446, 0.1276676207780838, 0.9917840957641602, 0.01335091795772314, 0.9999561309814453, 0.9476505517959595, 0.9973090887069702, 0.016635257750749588, 0.014432419091463089, 0.4503333270549774, 0.00038655713433399796, 0.02444862574338913, 0.4175660312175751, 0.9999263286590576, 0.975408673286438, 0.08496379107236862, 0.9999370574951172, 0.9999698400497437, 0.7057917714118958, 0.6488909125328064, 0.05883780121803284, 0.9496946930885315, 0.0017108352622017264, 0.14071691036224365, 0.0005112342187203467, 0.8309856057167053, 0.515631377696991, 0.0026793561410158873, 0.09382537752389908]
2025-10-25T06:52:38.821291,Test 1,3,[0.9397716522216797, 0.0010023723589256406, 0.2910193204879761, 0.9999799728393555, 0.19323763251304626, 0.993078351020813, 0.8781656622886658, 0.9965789318084717, 0.0057580252178013325, 0.019137362018227577, 0.9998996257781982, 0.0036724021192640066, 0.9798344373703003, 0.6029534339904785, 5.946963210590184e-05, 0.9971156120300293, 0.07887284457683563, 0.9338152408599854, 0.1562473624944687, 0.2967798411846161, 0.03734086826443672, 0.18343617022037506, 0.00044026190880686045, 0.010964983142912388, 0.9467760324478149, 0.9986778497695923, 0.27215132117271423, 0.9955102205276489, 0.27186867594718933, 0.045496582984924316, 0.23668211698532104, 0.0031846773345023394, 0.2080027163028717, 0.016622040420770645, 0.06178668513894081, 0.8951238989830017, 0.6149360537528992, 0.9420823454856873, 0.6093084216117859, 0.022543320432305336]
2025-10-25T06:53:01.427703,Test 1,28,[0.8228695392608643, 0.007638097740709782, 0.9999945163726807, 0.999993622303009, 0.2808401584625244, 0.011375312693417072, 0.9960614442825317, 0.9999687671661377, 0.3051733672618866, 0.00517297675833106, 0.9999752044677734, 0.9982724189758301, 0.8450460433959961, 0.999962568283081, 0.7072934508323669, 0.9999930262565613, 0.9993513822555542, 0.999894380569458, 0.43571922183036804, 0.992962121963501, 0.807111918926239, 0.010372958146035671, 0.9877855777740479, 0.9723691940307617, 0.9999992251396179, 0.9924556016921997, 0.22646915912628174, 0.9999933242797852, 0.9999997019767761, 0.9997981786727905, 0.9980737566947937, 0.48310524225234985, 0.9981966614723206, 0.28466299176216125, 0.7286887764930725, 0.023185735568404198, 0.9883653521537781, 0.9965124726295471, 0.032641418278217316, 0.37946799397468567]
2025-10-25T06:53:19.387968,Test 1,39,[0.9998371601104736, 1.0, 0.9965951442718506, 0.9969350099563599, 0.999998927116394, 0.9969674348831177, 0.999946653842926, 1.0, 0.9997997283935547, 0.9997025728225708, 0.95518958568573, 0.9999998807907104, 0.9999997615814209, 0.9903188943862915, 0.9999973177909851, 1.0, 0.9999252557754517, 0.31377989053726196, 0.9998334646224976, 0.9684953689575195, 0.9998656511306763, 0.998069703578949, 0.9999998211860657, 0.9999998807907104, 0.9998561143875122, 0.9999953508377075, 0.999952495098114, 0.9858533143997192, 0.9997285008430481, 0.9999984502792358, 0.9999968409538269, 0.9999925494194031, 0.9999844431877136, 0.9999849796295166, 0.9999999403953552, 0.9999589920043945, 0.9999462962150574, 0.9999991059303284, 0.9966391921043396, 1.0]
2025-10-25T15:48:39.051433,P120,3,[0.9397716522216797, 0.0010023723589256406, 0.2910193204879761, 0.9999799728393555, 0.19323763251304626, 0.993078351020813, 0.8781656622886658, 0.9965789318084717, 0.0057580252178013325, 0.019137362018227577, 0.9998996257781982, 0.0036724021192640066, 0.9798344373703003, 0.6029534339904785, 5.946963210590184e-05, 0.9971156120300293, 0.07887284457683563, 0.9338152408599854, 0.1562473624944687, 0.2967798411846161, 0.03734086826443672, 0.18343617022037506, 0.00044026190880686045, 0.010964983142912388, 0.9467760324478149, 0.9986778497695923, 0.27215132117271423, 0.9955102205276489, 0.27186867594718933, 0.045496582984924316, 0.23668211698532104, 0.0031846773345023394, 0.2080027163028717, 0.016622040420770645, 0.06178668513894081, 0.8951238989830017, 0.6149360537528992, 0.9420823454856873, 0.6093084216117859, 0.022543320432305336]
2025-10-25T15:48:58.662315,P120,28,[0.8228695392608643, 0.007638097740709782, 0.9999945163726807, 0.999993622303009, 0.2808401584625244, 0.011375312693417072, 0.9960614442825317, 0.9999687671661377, 0.3051733672618866, 0.00517297675833106, 0.9999752044677734, 0.9982724189758301, 0.8450460433959961, 0.999962568283081, 0.7072934508323669, 0.9999930262565613, 0.9993513822555542, 0.999894380569458, 0.43571922183036804, 0.992962121963501, 0.807111918926239, 0.010372958146035671, 0.9877855777740479, 0.9723691940307617, 0.9999992251396179, 0.9924556016921997, 0.22646915912628174, 0.9999933242797852, 0.9999997019767761, 0.9997981786727905, 0.9980737566947937, 0.48310524225234985, 0.9981966614723206, 0.28466299176216125, 0.7286887764930725, 0.023185735568404198, 0.9883653521537781, 0.9965124726295471, 0.032641418278217316, 0.37946799397468567]
2025-10-25T15:49:10.993705,P120,39,[0.9998371601104736, 1.0, 0.9965951442718506, 0.9969350099563599, 0.999998927116394, 0.9969674348831177, 0.999946653842926, 1.0, 0.9997997283935547, 0.9997025728225708, 0.95518958568573, 0.9999998807907104, 0.9999997615814209, 0.9903188943862915, 0.9999973177909851, 1.0, 0.9999252557754517, 0.31377989053726196, 0.9998334646224976, 0.9684953689575195, 0.9998656511306763, 0.998069703578949, 0.9999998211860657, 0.9999998807907104, 0.9998561143875122, 0.9999953508377075, 0.999952495098114, 0.9858533143997192, 0.9997285008430481, 0.9999984502792358, 0.9999968409538269, 0.9999925494194031, 0.9999844431877136, 0.9999849796295166, 0.9999999403953552, 0.9999589920043945, 0.9999462962150574, 0.9999991059303284, 0.9966391921043396, 1.0]
2025-10-25T15:57:32.907922,P120,38,[0.0, 1.000000001, 1.999999943436137e-09, 1.000000003, 3.999999886872274e-09, 4.999999969612645e-09, 1.000000006, 1.0000000070000001, 7.999999773744548e-09, 8.99999985648492e-09, 1.00000001, 1.1000000021965661e-08, 1.2000000104706032e-08, 1.3000000187446403e-08, 1.4000000270186774e-08, 1.0000000149999995, 1.0000000159999995, 1.0000000169999996, 1.799999971296984e-08, 1.899999979571021e-08, 1.999999987845058e-08, 2.099999996119095e-08, 2.2000000043931323e-08, 2.3000000126671694e-08, 2.4000000209412065e-08, 2.5000000292152436e-08, 2.6000000374892807e-08, 2.7000000457633178e-08, 2.800000054037355e-08, 2.900000062311392e-08, 2.999999892949745e-08, 3.099999901223782e-08, 3.199999909497819e-08, 3.2999999177718564e-08, 3.3999999260458935e-08, 3.4999999343199306e-08, 1.0000000359999994, 3.699999950868005e-08, 1.0000000379999996, 3.899999967416079e-08]
2025-10-25T15:59:05.546613,P1230,38,[0.0, 1.000000001, 1.999999943436137e-09, 1.000000003, 3.999999886872274e-09, 4.999999969612645e-09, 1.000000006, 1.0000000070000001, 7.999999773744548e-09, 8.99999985648492e-09, 1.00000001, 1.1000000021965661e-08, 1.2000000104706032e-08, 1.3000000187446403e-08, 1.4000000270186774e-08, 1.0000000149999995, 1.0000000159999995, 1.0000000169999996, 1.799999971296984e-08, 1.899999979571021e-08, 1.999999987845058e-08, 2.099999996119095e-08, 2.2000000043931323e-08, 2.3000000126671694e-08, 2.4000000209412065e-08, 2.5000000292152436e-08, 2.6000000374892807e-08, 2.7000000457633178e-08, 2.800000054037355e-08, 2.900000062311392e-08, 2.999999892949745e-08, 3.099999901223782e-08, 3.199999909497819e-08, 3.2999999177718564e-08, 3.3999999260458935e-08, 3.4999999343199306e-08, 1.0000000359999994, 3.699999950868005e-08, 1.0000000379999996, 3.899999967416079e-08]
2025-10-25T15:59:19.460431,P1230,32,[0.0, 9.999999717180685e-10, 1.999999943436137e-09, 3.000000026176508e-09, 3.999999886872274e-09, 4.999999969612645e-09, 6.000000052353016e-09, 7.000000135093387e-09, 7.999999773744548e-09, 8.99999985648492e-09, 1.00000001, 1.000000011, 1.2000000104706032e-08, 1.0000000130000002, 1.4000000270186774e-08, 1.0000000149999995, 1.5999999547489097e-08, 1.6999999630229468e-08, 1.799999971296984e-08, 1.899999979571021e-08, 1.999999987845058e-08, 2.099999996119095e-08, 2.2000000043931323e-08, 2.3000000126671694e-08, 1.0000000240000002, 1.0000000250000003, 2.6000000374892807e-08, 2.7000000457633178e-08, 2.800000054037355e-08, 2.900000062311392e-08, 2.999999892949745e-08, 3.099999901223782e-08, 1.000000031999999, 3.2999999177718564e-08, 3.3999999260458935e-08, 3.4999999343199306e-08, 3.599999942593968e-08, 3.699999950868005e-08, 3.799999959142042e-08, 3.899999967416079e-08]
2025-10-25T15:59:40.372802,P1230,27,[0.0, 9.999999717180685e-10, 1.999999943436137e-09, 1.000000003, 3.999999886872274e-09, 4.999999969612645e-09, 1.000000006, 7.000000135093387e-09, 7.999999773744548e-09, 1.0000000089999999, 1.00000001, 1.1000000021965661e-08, 1.2000000104706032e-08, 1.3000000187446403e-08, 1.4000000270186774e-08, 1.0000000149999995, 1.5999999547489097e-08, 1.0000000169999996, 1.799999971296984e-08, 1.899999979571021e-08, 1.999999987845058e-08, 2.099999996119095e-08, 2.2000000043931323e-08, 2.3000000126671694e-08, 2.4000000209412065e-08, 1.0000000250000003, 2.6000000374892807e-08, 1.0000000270000005, 2.800000054037355e-08, 2.900000062311392e-08, 2.999999892949745e-08, 3.099999901223782e-08, 3.199999909497819e-08, 3.2999999177718564e-08, 3.3999999260458935e-08, 3.4999999343199306e-08, 3.599999942593968e-08, 3.699999950868005e-08, 3.799999959142042e-08, 3.899999967416079e-08]
2025-10-25T16:12:15.973128,P1230,39,[0.0, 1.000000001, 1.000000002, 1.000000003, 1.0000000039999999, 1.000000005, 1.000000006, 1.0000000070000001, 7.999999773744548e-09, 1.0000000089999999, 9.99999993922529e-09, 1.000000011, 1.000000012, 1.0000000130000002, 1.0000000140000003, 1.0000000149999995, 1.5999999547489097e-08, 1.0000000169999996, 1.0000000179999997, 1.0000000189999998, 1.0000000199999999, 1.000000021, 1.000000022, 2.3000000126671694e-08, 1.0000000240000002, 1.0000000250000003, 1.0000000260000004, 1.0000000270000005, 1.0000000280000005, 1.0000000290000006, 1.000000029999999, 1.000000030999999, 1.000000031999999, 3.2999999177718564e-08, 1.0000000339999993, 1.0000000349999993, 1.0000000359999994, 1.0000000369999995, 1.0000000379999996, 1.0000000389999997]
2025-10-25T16:16:05.150827,P1234,38,[0.0, 1.000000001, 1.999999943436137e-09, 1.000000003, 3.999999886872274e-09, 4.999999969612645e-09, 1.000000006, 1.0000000070000001, 7.999999773744548e-09, 8.99999985648492e-09, 1.00000001, 1.1000000021965661e-08, 1.2000000104706032e-08, 1.3000000187446403e-08, 1.4000000270186774e-08, 1.0000000149999995, 1.0000000159999995, 1.0000000169999996, 1.799999971296984e-08, 1.899999979571021e-08, 1.999999987845058e-08, 2.099999996119095e-08, 2.2000000043931323e-08, 2.3000000126671694e-08, 2.4000000209412065e-08, 2.5000000292152436e-08, 2.6000000374892807e-08, 2.7000000457633178e-08, 2.800000054037355e-08, 2.900000062311392e-08, 2.999999892949745e-08, 3.099999901223782e-08, 3.199999909497819e-08, 3.2999999177718564e-08, 3.3999999260458935e-08, 3.4999999343199306e-08, 1.0000000359999994, 3.699999950868005e-08, 1.0000000379999996, 3.899999967416079e-08]
2025-10-25T16:16:18.479870,P1245,38,[0.0, 1.000000001, 1.999999943436137e-09, 1.000000003, 3.999999886872274e-09, 4.999999969612645e-09, 1.000000006, 1.0000000070000001, 7.999999773744548e-09, 8.99999985648492e-09, 1.00000001, 1.1000000021965661e-08, 1.2000000104706032e-08, 1.3000000187446403e-08, 1.4000000270186774e-08, 1.0000000149999995, 1.0000000159999995, 1.0000000169999996, 1.799999971296984e-08, 1.899999979571021e-08, 1.999999987845058e-08, 2.099999996119095e-08, 2.2000000043931323e-08, 2.3000000126671694e-08, 2.4000000209412065e-08, 2.5000000292152436e-08, 2.6000000374892807e-08, 2.7000000457633178e-08, 2.800000054037355e-08, 2.900000062311392e-08, 2.999999892949745e-08, 3.099999901223782e-08, 3.199999909497819e-08, 3.2999999177718564e-08, 3.3999999260458935e-08, 3.4999999343199306e-08, 1.0000000359999994, 3.699999950868005e-08, 1.0000000379999996, 3.899999967416079e-08]
2025-10-25T16:16:26.952560,P1245,38,[0.0, 1.000000001, 1.999999943436137e-09, 1.000000003, 3.999999886872274e-09, 4.999999969612645e-09, 1.000000006, 1.0000000070000001, 7.999999773744548e-09, 8.99999985648492e-09, 1.00000001, 1.1000000021965661e-08, 1.2000000104706032e-08, 1.3000000187446403e-08, 1.4000000270186774e-08, 1.0000000149999995, 1.0000000159999995, 1.0000000169999996, 1.799999971296984e-08, 1.899999979571021e-08, 1.999999987845058e-08, 2.099999996119095e-08, 2.2000000043931323e-08, 2.3000000126671694e-08, 2.4000000209412065e-08, 2.5000000292152436e-08, 2.6000000374892807e-08, 2.7000000457633178e-08, 2.800000054037355e-08, 2.900000062311392e-08, 2.999999892949745e-08, 3.099999901223782e-08, 3.199999909497819e-08, 3.2999999177718564e-08, 3.3999999260458935e-08, 3.4999999343199306e-08, 1.0000000359999994, 3.699999950868005e-08, 1.0000000379999996, 3.899999967416079e-08]
2025-10-25T16:16:33.718501,P1245,39,[0.0, 1.000000001, 1.000000002, 3.000000026176508e-09, 1.0000000039999999, 1.000000005, 6.000000052353016e-09, 1.0000000070000001, 1.0000000079999998, 8.99999985648492e-09, 9.99999993922529e-09, 1.000000011, 1.000000012, 1.3000000187446403e-08, 1.4000000270186774e-08, 1.0000000149999995, 1.0000000159999995, 1.0000000169999996, 1.0000000179999997, 1.899999979571021e-08, 1.999999987845058e-08, 1.000000021, 2.2000000043931323e-08, 1.0000000230000001, 1.0000000240000002, 1.0000000250000003, 2.6000000374892807e-08, 1.0000000270000005, 1.0000000280000005, 1.0000000290000006, 1.000000029999999, 3.099999901223782e-08, 1.000000031999999, 1.0000000329999992, 1.0000000339999993, 1.0000000349999993, 1.0000000359999994, 1.0000000369999995, 1.0000000379999996, 1.0000000389999997]
2025-10-25T16:16:49.579145,P1245,39,[1.0, 9.999999717180685e-10, 1.000000002, 1.000000003, 1.0000000039999999, 4.999999969612645e-09, 6.000000052353016e-09, 1.0000000070000001, 7.999999773744548e-09, 8.99999985648492e-09, 9.99999993922529e-09, 1.000000011, 1.2000000104706032e-08, 1.0000000130000002, 1.4000000270186774e-08, 1.0000000149999995, 1.5999999547489097e-08, 1.6999999630229468e-08, 1.0000000179999997, 1.899999979571021e-08, 1.999999987845058e-08, 2.099999996119095e-08, 2.2000000043931323e-08, 1.0000000230000001, 1.0000000240000002, 1.0000000250000003, 2.6000000374892807e-08, 1.0000000270000005, 2.800000054037355e-08, 2.900000062311392e-08, 2.999999892949745e-08, 1.000000030999999, 3.199999909497819e-08, 1.0000000329999992, 1.0000000339999993, 1.0000000349999993, 3.599999942593968e-08, 1.0000000369999995, 1.0000000379999996, 1.0000000389999997]
2025-10-25T16:16:59.741999,P1245,32,[0.0, 9.999999717180685e-10, 1.999999943436137e-09, 3.000000026176508e-09, 3.999999886872274e-09, 4.999999969612645e-09, 6.000000052353016e-09, 7.000000135093387e-09, 7.999999773744548e-09, 8.99999985648492e-09, 1.00000001, 1.000000011, 1.2000000104706032e-08, 1.0000000130000002, 1.4000000270186774e-08, 1.0000000149999995, 1.5999999547489097e-08, 1.6999999630229468e-08, 1.799999971296984e-08, 1.899999979571021e-08, 1.999999987845058e-08, 2.099999996119095e-08, 2.2000000043931323e-08, 2.3000000126671694e-08, 1.0000000240000002, 1.0000000250000003, 2.6000000374892807e-08, 2.7000000457633178e-08, 2.800000054037355e-08, 2.900000062311392e-08, 2.999999892949745e-08, 3.099999901223782e-08, 1.000000031999999, 3.2999999177718564e-08, 3.3999999260458935e-08, 3.4999999343199306e-08, 3.599999942593968e-08, 3.699999950868005e-08, 3.799999959142042e-08, 3.899999967416079e-08]
2025-10-25T16:17:16.335128,P1245,38,[1.0, 1.000000001, 1.999999943436137e-09, 1.000000003, 3.999999886872274e-09, 1.000000005, 1.000000006, 1.0000000070000001, 7.999999773744548e-09, 8.99999985648492e-09, 1.00000001, 1.000000011, 1.000000012, 1.0000000130000002, 1.4000000270186774e-08, 1.0000000149999995, 1.5999999547489097e-08, 1.0000000169999996, 1.0000000179999997, 1.899999979571021e-08, 1.0000000199999999, 1.000000021, 2.2000000043931323e-08, 2.3000000126671694e-08, 1.0000000240000002, 2.5000000292152436e-08, 2.6000000374892807e-08, 1.0000000270000005, 2.800000054037355e-08, 1.0000000290000006, 1.000000029999999, 3.099999901223782e-08, 1.000000031999999, 3.2999999177718564e-08, 3.3999999260458935e-08, 3.4999999343199306e-08, 3.599999942593968e-08, 3.699999950868005e-08, 1.0000000379999996, 3.899999967416079e-08]
2025-10-25T16:17:24.184000,P1245,38,[1.0, 1.000000001, 1.999999943436137e-09, 1.000000003, 3.999999886872274e-09, 1.000000005, 1.000000006, 1.0000000070000001, 7.999999773744548e-09, 8.99999985648492e-09, 1.00000001, 1.000000011, 1.000000012, 1.0000000130000002, 1.4000000270186774e-08, 1.0000000149999995, 1.5999999547489097e-08, 1.0000000169999996, 1.0000000179999997, 1.899999979571021e-08, 1.0000000199999999, 1.000000021, 2.2000000043931323e-08, 2.3000000126671694e-08, 1.0000000240000002, 2.5000000292152436e-08, 2.6000000374892807e-08, 1.0000000270000005, 2.800000054037355e-08, 1.0000000290000006, 1.000000029999999, 3.099999901223782e-08, 1.000000031999999, 3.2999999177718564e-08, 3.3999999260458935e-08, 3.4999999343199306e-08, 3.599999942593968e-08, 3.699999950868005e-08, 1.0000000379999996, 3.899999967416079e-08]
2025-10-25T16:17:29.816785,P1245,38,[1.0, 1.000000001, 1.999999943436137e-09, 1.000000003, 3.999999886872274e-09, 1.000000005, 1.000000006, 1.0000000070000001, 7.999999773744548e-09, 8.99999985648492e-09, 1.00000001, 1.000000011, 1.000000012, 1.0000000130000002, 1.4000000270186774e-08, 1.0000000149999995, 1.5999999547489097e-08, 1.0000000169999996, 1.0000000179999997, 1.899999979571021e-08, 1.0000000199999999, 1.000000021, 2.2000000043931323e-08, 2.3000000126671694e-08, 1.0000000240000002, 2.5000000292152436e-08, 2.6000000374892807e-08, 1.0000000270000005, 2.800000054037355e-08, 1.0000000290000006, 1.000000029999999, 3.099999901223782e-08, 1.000000031999999, 3.2999999177718564e-08, 3.3999999260458935e-08, 3.4999999343199306e-08, 3.599999942593968e-08, 3.699999950868005e-08, 1.0000000379999996, 3.899999967416079e-08]
2025-10-25T16:17:44.937058,P1245,32,[0.0, 9.999999717180685e-10, 1.999999943436137e-09, 3.000000026176508e-09, 3.999999886872274e-09, 4.999999969612645e-09, 6.000000052353016e-09, 7.000000135093387e-09, 7.999999773744548e-09, 8.99999985648492e-09, 1.00000001, 1.000000011, 1.2000000104706032e-08, 1.0000000130000002, 1.4000000270186774e-08, 1.0000000149999995, 1.5999999547489097e-08, 1.6999999630229468e-08, 1.799999971296984e-08, 1.899999979571021e-08, 1.999999987845058e-08, 2.099999996119095e-08, 2.2000000043931323e-08, 2.3000000126671694e-08, 1.0000000240000002, 1.0000000250000003, 2.6000000374892807e-08, 2.7000000457633178e-08, 2.800000054037355e-08, 2.900000062311392e-08, 2.999999892949745e-08, 3.099999901223782e-08, 1.000000031999999, 3.2999999177718564e-08, 3.3999999260458935e-08, 3.4999999343199306e-08, 3.599999942593968e-08, 3.699999950868005e-08, 3.799999959142042e-08, 3.899999967416079e-08]
2025-10-25T16:18:05.799373,P1245,38,[1.0, 1.000000001, 1.999999943436137e-09, 1.000000003, 3.999999886872274e-09, 1.000000005, 1.000000006, 1.0000000070000001, 7.999999773744548e-09, 8.99999985648492e-09, 1.00000001, 1.000000011, 1.000000012, 1.0000000130000002, 1.4000000270186774e-08, 1.0000000149999995, 1.5999999547489097e-08, 1.0000000169999996, 1.0000000179999997, 1.899999979571021e-08, 1.999999987845058e-08, 2.099999996119095e-08, 2.2000000043931323e-08, 1.0000000230000001, 2.4000000209412065e-08, 2.5000000292152436e-08, 2.6000000374892807e-08, 2.7000000457633178e-08, 2.800000054037355e-08, 1.0000000290000006, 2.999999892949745e-08, 3.099999901223782e-08, 1.000000031999999, 3.2999999177718564e-08, 1.0000000339999993, 1.0000000349999993, 1.0000000359999994, 3.699999950868005e-08, 1.0000000379999996, 3.899999967416079e-08]
2025-10-25T16:18:20.598318,P1245,37,[0.0, 9.999999717180685e-10, 1.000000002, 3.000000026176508e-09, 1.0000000039999999, 4.999999969612645e-09, 6.000000052353016e-09, 1.0000000070000001, 7.999999773744548e-09, 1.0000000089999999, 1.00000001, 1.1000000021965661e-08, 1.2000000104706032e-08, 1.3000000187446403e-08, 1.0000000140000003, 1.4999999464748726e-08, 1.0000000159999995, 1.6999999630229468e-08, 1.799999971296984e-08, 1.899999979571021e-08, 1.999999987845058e-08, 1.000000021, 2.2000000043931323e-08, 2.3000000126671694e-08, 2.4000000209412065e-08, 1.0000000250000003, 2.6000000374892807e-08, 1.0000000270000005, 2.800000054037355e-08, 2.900000062311392e-08, 2.999999892949745e-08, 3.099999901223782e-08, 3.199999909497819e-08, 1.0000000329999992, 1.0000000339999993, 3.4999999343199306e-08, 3.599999942593968e-08, 1.0000000369999995, 3.799999959142042e-08, 3.899999967416079e-08]
2025-10-25T16:18:37.266099,P1234,38,[0.0, 1.000000001, 1.999999943436137e-09, 1.000000003, 3.999999886872274e-09, 4.999999969612645e-09, 1.000000006, 1.0000000070000001, 7.999999773744548e-09, 8.99999985648492e-09, 1.00000001, 1.1000000021965661e-08, 1.2000000104706032e-08, 1.3000000187446403e-08, 1.4000000270186774e-08, 1.0000000149999995, 1.0000000159999995, 1.0000000169999996, 1.799999971296984e-08, 1.899999979571021e-08, 1.999999987845058e-08, 2.099999996119095e-08, 2.2000000043931323e-08, 2.3000000126671694e-08, 2.4000000209412065e-08, 2.5000000292152436e-08, 2.6000000374892807e-08, 2.7000000457633178e-08, 2.800000054037355e-08, 2.900000062311392e-08, 2.999999892949745e-08, 3.099999901223782e-08, 3.199999909497819e-08, 3.2999999177718564e-08, 3.3999999260458935e-08, 3.4999999343199306e-08, 1.0000000359999994, 3.699999950868005e-08, 1.0000000379999996, 3.899999967416079e-08]
2025-10-25T16:18:55.824335,P1234,36,[0.0, 9.999999717180685e-10, 1.999999943436137e-09, 1.000000003, 3.999999886872274e-09, 4.999999969612645e-09, 1.000000006, 7.000000135093387e-09, 7.999999773744548e-09, 8.99999985648492e-09, 1.00000001, 1.000000011, 1.2000000104706032e-08, 1.0000000130000002, 1.4000000270186774e-08, 1.0000000149999995, 1.5999999547489097e-08, 1.6999999630229468e-08, 1.799999971296984e-08, 1.899999979571021e-08, 1.999999987845058e-08, 2.099999996119095e-08, 2.2000000043931323e-08, 2.3000000126671694e-08, 2.4000000209412065e-08, 1.0000000250000003, 2.6000000374892807e-08, 2.7000000457633178e-08, 2.800000054037355e-08, 2.900000062311392e-08, 2.999999892949745e-08, 3.099999901223782e-08, 1.000000031999999, 3.2999999177718564e-08, 3.3999999260458935e-08, 3.4999999343199306e-08, 1.0000000359999994, 3.699999950868005e-08, 3.799999959142042e-08, 3.899999967416079e-08]
2025-10-25T16:20:01.665820,P1234,36,[0.0, 9.999999717180685e-10, 1.999999943436137e-09, 1.000000003, 3.999999886872274e-09, 4.999999969612645e-09, 1.000000006, 7.000000135093387e-09, 7.999999773744548e-09, 8.99999985648492e-09, 1.00000001, 1.000000011, 1.2000000104706032e-08, 1.0000000130000002, 1.4000000270186774e-08, 1.0000000149999995, 1.5999999547489097e-08, 1.6999999630229468e-08, 1.799999971296984e-08, 1.899999979571021e-08, 1.999999987845058e-08, 2.099999996119095e-08, 2.2000000043931323e-08, 2.3000000126671694e-08, 2.4000000209412065e-08, 1.0000000250000003, 2.6000000374892807e-08, 2.7000000457633178e-08, 2.800000054037355e-08, 2.900000062311392e-08, 2.999999892949745e-08, 3.099999901223782e-08, 1.000000031999999, 3.2999999177718564e-08, 3.3999999260458935e-08, 3.4999999343199306e-08, 1.0000000359999994, 3.699999950868005e-08, 3.799999959142042e-08, 3.899999967416079e-08]
2025-10-25T16:20:19.726802,P1234,39,[1.0, 1.000000001, 1.999999943436137e-09, 1.000000003, 1.0000000039999999, 1.000000005, 1.000000006, 1.0000000070000001, 7.999999773744548e-09, 8.99999985648492e-09, 9.99999993922529e-09, 1.000000011, 1.000000012, 1.0000000130000002, 1.0000000140000003, 1.0000000149999995, 1.5999999547489097e-08, 1.0000000169999996, 1.0000000179999997, 1.0000000189999998, 1.0000000199999999, 1.000000021, 2.2000000043931323e-08, 2.3000000126671694e-08, 1.0000000240000002, 1.0000000250000003, 1.0000000260000004, 1.0000000270000005, 1.0000000280000005, 1.0000000290000006, 1.000000029999999, 1.000000030999999, 1.000000031999999, 3.2999999177718564e-08, 1.0000000339999993, 1.0000000349999993, 1.0000000359999994, 3.699999950868005e-08, 1.0000000379999996, 1.0000000389999997]
2025-10-25T16:20:48.492715,P1234,39,[1.0, 1.000000001, 1.000000002, 3.000000026176508e-09, 1.0000000039999999, 4.999999969612645e-09, 6.000000052353016e-09, 1.0000000070000001, 7.999999773744548e-09, 8.99999985648492e-09, 9.99999993922529e-09, 1.000000011, 1.000000012, 1.3000000187446403e-08, 1.0000000140000003, 1.0000000149999995, 1.0000000159999995, 1.0000000169999996, 1.0000000179999997, 1.0000000189999998, 1.0000000199999999, 2.099999996119095e-08, 2.2000000043931323e-08, 1.0000000230000001, 2.4000000209412065e-08, 2.5000000292152436e-08, 1.0000000260000004, 1.0000000270000005, 2.800000054037355e-08, 1.0000000290000006, 1.000000029999999, 3.099999901223782e-08, 1.000000031999999, 3.2999999177718564e-08, 3.3999999260458935e-08, 1.0000000349999993, 1.0000000359999994, 3.699999950868005e-08, 1.0000000379999996, 1.0000000389999997]
2025-10-25T16:20:56.822578,P1234,39,[1.0, 1.000000001, 1.000000002, 3.000000026176508e-09, 1.0000000039999999, 4.999999969612645e-09, 6.000000052353016e-09, 1.0000000070000001, 7.999999773744548e-09, 8.99999985648492e-09, 9.99999993922529e-09, 1.000000011, 1.000000012, 1.3000000187446403e-08, 1.0000000140000003, 1.0000000149999995, 1.0000000159999995, 1.0000000169999996, 1.0000000179999997, 1.0000000189999998, 1.0000000199999999, 2.099999996119095e-08, 2.2000000043931323e-08, 1.0000000230000001, 2.4000000209412065e-08, 2.5000000292152436e-08, 1.0000000260000004, 1.0000000270000005, 2.800000054037355e-08, 1.0000000290000006, 1.000000029999999, 3.099999901223782e-08, 1.000000031999999, 3.2999999177718564e-08, 3.3999999260458935e-08, 1.0000000349999993, 1.0000000359999994, 3.699999950868005e-08, 1.0000000379999996, 1.0000000389999997]
2025-10-25T16:21:13.728927,P1234,39,[0.0, 1.000000001, 1.000000002, 1.000000003, 1.0000000039999999, 1.000000005, 1.000000006, 1.0000000070000001, 7.999999773744548e-09, 1.0000000089999999, 9.99999993922529e-09, 1.000000011, 1.000000012, 1.0000000130000002, 1.0000000140000003, 1.0000000149999995, 1.5999999547489097e-08, 1.0000000169999996, 1.0000000179999997, 1.0000000189999998, 1.0000000199999999, 1.000000021, 1.000000022, 2.3000000126671694e-08, 1.0000000240000002, 1.0000000250000003, 1.0000000260000004, 1.0000000270000005, 1.0000000280000005, 1.0000000290000006, 1.000000029999999, 1.000000030999999, 1.000000031999999, 3.2999999177718564e-08, 1.0000000339999993, 1.0000000349999993, 1.0000000359999994, 1.0000000369999995, 1.0000000379999996, 1.0000000389999997]
2025-10-25T16:24:07.962779,P1230,38,[0.0, 1.000000001, 1.999999943436137e-09, 1.000000003, 3.999999886872274e-09, 4.999999969612645e-09, 1.000000006, 1.0000000070000001, 7.999999773744548e-09, 8.99999985648492e-09, 1.00000001, 1.1000000021965661e-08, 1.2000000104706032e-08, 1.3000000187446403e-08, 1.4000000270186774e-08, 1.0000000149999995, 1.0000000159999995, 1.0000000169999996, 1.799999971296984e-08, 1.899999979571021e-08, 1.999999987845058e-08, 2.099999996119095e-08, 2.2000000043931323e-08, 2.3000000126671694e-08, 2.4000000209412065e-08, 2.5000000292152436e-08, 2.6000000374892807e-08, 2.7000000457633178e-08, 2.800000054037355e-08, 2.900000062311392e-08, 2.999999892949745e-08, 3.099999901223782e-08, 3.199999909497819e-08, 3.2999999177718564e-08, 3.3999999260458935e-08, 3.4999999343199306e-08, 1.0000000359999994, 3.699999950868005e-08, 1.0000000379999996, 3.899999967416079e-08]
2025-10-25T16:24:26.005985,P1230,39,[0.0, 1.000000001, 1.000000002, 3.000000026176508e-09, 1.0000000039999999, 1.000000005, 1.000000006, 1.0000000070000001, 7.999999773744548e-09, 8.99999985648492e-09, 9.99999993922529e-09, 1.000000011, 1.000000012, 1.3000000187446403e-08, 1.0000000140000003, 1.0000000149999995, 1.0000000159999995, 1.6999999630229468e-08, 1.799999971296984e-08, 1.899999979571021e-08, 1.0000000199999999, 1.000000021, 1.000000022, 2.3000000126671694e-08, 1.0000000240000002, 1.0000000250000003, 2.6000000374892807e-08, 1.0000000270000005, 1.0000000280000005, 1.0000000290000006, 1.000000029999999, 1.000000030999999, 1.000000031999999, 1.0000000329999992, 1.0000000339999993, 1.0000000349999993, 1.0000000359999994, 1.0000000369999995, 1.0000000379999996, 1.0000000389999997]
2025-10-25T16:24:40.618363,P1230,25,[0.0, 9.999999717180685e-10, 1.999999943436137e-09, 3.000000026176508e-09, 3.999999886872274e-09, 4.999999969612645e-09, 6.000000052353016e-09, 7.000000135093387e-09, 7.999999773744548e-09, 8.99999985648492e-09, 1.00000001, 1.1000000021965661e-08, 1.2000000104706032e-08, 1.0000000130000002, 1.4000000270186774e-08, 1.0000000149999995, 1.5999999547489097e-08, 1.6999999630229468e-08, 1.799999971296984e-08, 1.899999979571021e-08, 1.999999987845058e-08, 2.099999996119095e-08, 2.2000000043931323e-08, 2.3000000126671694e-08, 2.4000000209412065e-08, 1.0000000250000003, 2.6000000374892807e-08, 2.7000000457633178e-08, 2.800000054037355e-08, 2.900000062311392e-08, 2.999999892949745e-08, 3.099999901223782e-08, 3.199999909497819e-08, 3.2999999177718564e-08, 3.3999999260458935e-08, 3.4999999343199306e-08, 3.599999942593968e-08, 3.699999950868005e-08, 3.799999959142042e-08, 3.899999967416079e-08]
2025-10-25T16:28:42.179596,P12340,25,[0.0, 9.999999717180685e-10, 1.999999943436137e-09, 3.000000026176508e-09, 3.999999886872274e-09, 4.999999969612645e-09, 6.000000052353016e-09, 7.000000135093387e-09, 7.999999773744548e-09, 8.99999985648492e-09, 1.00000001, 1.1000000021965661e-08, 1.2000000104706032e-08, 1.0000000130000002, 1.4000000270186774e-08, 1.4999999464748726e-08, 1.5999999547489097e-08, 1.6999999630229468e-08, 1.799999971296984e-08, 1.899999979571021e-08, 1.999999987845058e-08, 2.099999996119095e-08, 2.2000000043931323e-08, 2.3000000126671694e-08, 2.4000000209412065e-08, 1.0000000250000003, 2.6000000374892807e-08, 2.7000000457633178e-08, 2.800000054037355e-08, 2.900000062311392e-08, 2.999999892949745e-08, 3.099999901223782e-08, 3.199999909497819e-08, 3.2999999177718564e-08, 3.3999999260458935e-08, 3.4999999343199306e-08, 3.599999942593968e-08, 3.699999950868005e-08, 3.799999959142042e-08, 3.899999967416079e-08]
2025-10-25T16:33:17.276867,P0293,36,[0.0, 9.999999717180685e-10, 1.999999943436137e-09, 1.000000003, 3.999999886872274e-09, 4.999999969612645e-09, 1.000000006, 7.000000135093387e-09, 7.999999773744548e-09, 1.0000000089999999, 1.00000001, 1.000000011, 1.2000000104706032e-08, 1.0000000130000002, 1.4000000270186774e-08, 1.0000000149999995, 1.5999999547489097e-08, 1.0000000169999996, 1.799999971296984e-08, 1.0000000189999998, 1.999999987845058e-08, 2.099999996119095e-08, 2.2000000043931323e-08, 2.3000000126671694e-08, 2.4000000209412065e-08, 1.0000000250000003, 2.6000000374892807e-08, 2.7000000457633178e-08, 2.800000054037355e-08, 2.900000062311392e-08, 2.999999892949745e-08, 3.099999901223782e-08, 1.000000031999999, 3.2999999177718564e-08, 3.3999999260458935e-08, 3.4999999343199306e-08, 1.0000000359999994, 3.699999950868005e-08, 3.799999959142042e-08, 3.899999967416079e-08]
2025-10-25T16:33:31.648718,P0293,39,[1.0, 1.000000001, 1.000000002, 3.000000026176508e-09, 1.0000000039999999, 4.999999969612645e-09, 6.000000052353016e-09, 1.0000000070000001, 7.999999773744548e-09, 8.99999985648492e-09, 9.99999993922529e-09, 1.000000011, 1.2000000104706032e-08, 1.3000000187446403e-08, 1.4000000270186774e-08, 1.0000000149999995, 1.5999999547489097e-08, 1.0000000169999996, 1.799999971296984e-08, 1.899999979571021e-08, 1.999999987845058e-08, 1.000000021, 1.000000022, 2.3000000126671694e-08, 1.0000000240000002, 1.0000000250000003, 1.0000000260000004, 1.0000000270000005, 2.800000054037355e-08, 1.0000000290000006, 2.999999892949745e-08, 3.099999901223782e-08, 1.000000031999999, 3.2999999177718564e-08, 3.3999999260458935e-08, 1.0000000349999993, 1.0000000359999994, 1.0000000369999995, 1.0000000379999996, 1.0000000389999997]
2025-10-25T16:33:52.559983,P0293,39,[1.0, 1.000000001, 1.000000002, 3.000000026176508e-09, 1.0000000039999999, 4.999999969612645e-09, 6.000000052353016e-09, 1.0000000070000001, 7.999999773744548e-09, 8.99999985648492e-09, 9.99999993922529e-09, 1.000000011, 1.000000012, 1.3000000187446403e-08, 1.0000000140000003, 1.0000000149999995, 1.0000000159999995, 1.0000000169999996, 1.0000000179999997, 1.0000000189999998, 1.0000000199999999, 2.099999996119095e-08, 2.2000000043931323e-08, 1.0000000230000001, 2.4000000209412065e-08, 2.5000000292152436e-08, 1.0000000260000004, 1.0000000270000005, 2.800000054037355e-08, 1.0000000290000006, 1.000000029999999, 3.099999901223782e-08, 1.000000031999999, 3.2999999177718564e-08, 3.3999999260458935e-08, 1.0000000349999993, 1.0000000359999994, 3.699999950868005e-08, 1.0000000379999996, 1.0000000389999997]
2025-10-25T16:34:17.281105,P0293,38,[0.0, 1.000000001, 1.999999943436137e-09, 1.000000003, 3.999999886872274e-09, 4.999999969612645e-09, 1.000000006, 1.0000000070000001, 7.999999773744548e-09, 8.99999985648492e-09, 1.00000001, 1.1000000021965661e-08, 1.2000000104706032e-08, 1.3000000187446403e-08, 1.4000000270186774e-08, 1.0000000149999995, 1.0000000159999995, 1.0000000169999996, 1.799999971296984e-08, 1.899999979571021e-08, 1.999999987845058e-08, 2.099999996119095e-08, 2.2000000043931323e-08, 2.3000000126671694e-08, 2.4000000209412065e-08, 2.5000000292152436e-08, 2.6000000374892807e-08, 2.7000000457633178e-08, 2.800000054037355e-08, 2.900000062311392e-08, 2.999999892949745e-08, 3.099999901223782e-08, 3.199999909497819e-08, 3.2999999177718564e-08, 3.3999999260458935e-08, 3.4999999343199306e-08, 1.0000000359999994, 3.699999950868005e-08, 1.0000000379999996, 3.899999967416079e-08]
2025-10-25T16:34:40.080851,cfgvbhnj,39,[1.0, 1.000000001, 1.999999943436137e-09, 1.000000003, 1.0000000039999999, 1.000000005, 1.000000006, 1.0000000070000001, 7.999999773744548e-09, 8.99999985648492e-09, 9.99999993922529e-09, 1.000000011, 1.000000012, 1.0000000130000002, 1.0000000140000003, 1.0000000149999995, 1.5999999547489097e-08, 1.0000000169999996, 1.0000000179999997, 1.899999979571021e-08, 1.0000000199999999, 1.000000021, 1.000000022, 2.3000000126671694e-08, 1.0000000240000002, 1.0000000250000003, 1.0000000260000004, 1.0000000270000005, 1.0000000280000005, 1.0000000290000006, 1.000000029999999, 1.000000030999999, 1.000000031999999, 3.2999999177718564e-08, 1.0000000339999993, 1.0000000349999993, 1.0000000359999994, 3.699999950868005e-08, 1.0000000379999996, 1.0000000389999997]
2025-10-25T16:34:52.093668,cfgvbhnj,36,[0.0, 9.999999717180685e-10, 1.999999943436137e-09, 1.000000003, 3.999999886872274e-09, 4.999999969612645e-09, 1.000000006, 7.000000135093387e-09, 7.999999773744548e-09, 8.99999985648492e-09, 1.00000001, 1.000000011, 1.2000000104706032e-08, 1.0000000130000002, 1.4000000270186774e-08, 1.0000000149999995, 1.5999999547489097e-08, 1.6999999630229468e-08, 1.799999971296984e-08, 1.899999979571021e-08, 1.999999987845058e-08, 2.099999996119095e-08, 2.2000000043931323e-08, 2.3000000126671694e-08, 2.4000000209412065e-08, 1.0000000250000003, 2.6000000374892807e-08, 2.7000000457633178e-08, 2.800000054037355e-08, 2.900000062311392e-08, 2.999999892949745e-08, 3.099999901223782e-08, 1.000000031999999, 3.2999999177718564e-08, 3.3999999260458935e-08, 3.4999999343199306e-08, 1.0000000359999994, 3.699999950868005e-08, 3.799999959142042e-08, 3.899999967416079e-08]
2025-10-25T16:35:04.568013,cfgvbhnj,39,[1.0, 9.999999717180685e-10, 1.999999943436137e-09, 1.000000003, 1.0000000039999999, 1.000000005, 1.000000006, 1.0000000070000001, 7.999999773744548e-09, 8.99999985648492e-09, 1.00000001, 1.000000011, 1.000000012, 1.0000000130000002, 1.0000000140000003, 1.0000000149999995, 1.0000000159999995, 1.0000000169999996, 1.0000000179999997, 1.0000000189999998, 1.0000000199999999, 1.000000021, 2.2000000043931323e-08, 2.3000000126671694e-08, 1.0000000240000002, 1.0000000250000003, 2.6000000374892807e-08, 1.0000000270000005, 2.800000054037355e-08, 1.0000000290000006, 1.000000029999999, 1.000000030999999, 1.000000031999999, 1.0000000329999992, 1.0000000339999993, 3.4999999343199306e-08, 1.0000000359999994, 3.699999950868005e-08, 3.799999959142042e-08, 1.0000000389999997]
2025-10-25T17:15:58.906713,P120,38,[0.0, 1.000000001, 1.999999943436137e-09, 1.000000003, 3.999999886872274e-09, 4.999999969612645e-09, 1.000000006, 1.0000000070000001, 7.999999773744548e-09, 8.99999985648492e-09, 1.00000001, 1.1000000021965661e-08, 1.2000000104706032e-08, 1.3000000187446403e-08, 1.4000000270186774e-08, 1.0000000149999995, 1.0000000159999995, 1.0000000169999996, 1.799999971296984e-08, 1.899999979571021e-08, 1.999999987845058e-08, 2.099999996119095e-08, 2.2000000043931323e-08, 2.3000000126671694e-08, 2.4000000209412065e-08, 2.5000000292152436e-08, 2.6000000374892807e-08, 2.7000000457633178e-08, 2.800000054037355e-08, 2.900000062311392e-08, 2.999999892949745e-08, 3.099999901223782e-08, 3.199999909497819e-08, 3.2999999177718564e-08, 3.3999999260458935e-08, 3.4999999343199306e-08, 1.0000000359999994, 3.699999950868005e-08, 1.0000000379999996, 3.899999967416079e-08]
2025-10-25T17:16:19.078563,P120,38,[0.0, 9.999999717180685e-10, 1.999999943436137e-09, 3.000000026176508e-09, 1.0000000039999999, 4.999999969612645e-09, 1.000000006, 7.000000135093387e-09, 7.999999773744548e-09, 8.99999985648492e-09, 1.00000001, 1.1000000021965661e-08, 1.2000000104706032e-08, 1.3000000187446403e-08, 1.4000000270186774e-08, 1.0000000149999995, 1.5999999547489097e-08, 1.6999999630229468e-08, 1.799999971296984e-08, 1.899999979571021e-08, 1.999999987845058e-08, 2.099999996119095e-08, 2.2000000043931323e-08, 2.3000000126671694e-08, 2.4000000209412065e-08, 1.0000000250000003, 2.6000000374892807e-08, 2.7000000457633178e-08, 2.800000054037355e-08, 2.900000062311392e-08, 2.999999892949745e-08, 3.099999901223782e-08, 3.199999909497819e-08, 3.2999999177718564e-08, 3.3999999260458935e-08, 3.4999999343199306e-08, 3.599999942593968e-08, 3.699999950868005e-08, 1.0000000379999996, 3.899999967416079e-08]
2025-10-25T17:16:31.368580,P120,39,[1.0, 9.999999717180685e-10, 1.000000002, 1.000000003, 1.0000000039999999, 1.000000005, 1.000000006, 7.000000135093387e-09, 7.999999773744548e-09, 8.99999985648492e-09, 1.00000001, 1.1000000021965661e-08, 1.2000000104706032e-08, 1.0000000130000002, 1.0000000140000003, 1.0000000149999995, 1.0000000159999995, 1.6999999630229468e-08, 1.799999971296984e-08, 1.899999979571021e-08, 1.999999987845058e-08, 1.000000021, 2.2000000043931323e-08, 2.3000000126671694e-08, 1.0000000240000002, 1.0000000250000003, 2.6000000374892807e-08, 1.0000000270000005, 2.800000054037355e-08, 2.900000062311392e-08, 2.999999892949745e-08, 1.000000030999999, 1.000000031999999, 3.2999999177718564e-08, 3.3999999260458935e-08, 3.4999999343199306e-08, 3.599999942593968e-08, 1.0000000369999995, 1.0000000379999996, 1.0000000389999997]
2025-10-25T17:16:45.668830,P120,39,[0.0, 9.999999717180685e-10, 1.000000002, 3.000000026176508e-09, 1.0000000039999999, 1.000000005, 1.000000006, 1.0000000070000001, 7.999999773744548e-09, 8.99999985648492e-09, 1.00000001, 1.1000000021965661e-08, 1.000000012, 1.0000000130000002, 1.0000000140000003, 1.0000000149999995, 1.0000000159999995, 1.6999999630229468e-08, 1.0000000179999997, 1.899999979571021e-08, 1.0000000199999999, 1.000000021, 2.2000000043931323e-08, 2.3000000126671694e-08, 1.0000000240000002, 1.0000000250000003, 2.6000000374892807e-08, 1.0000000270000005, 1.0000000280000005, 1.0000000290000006, 1.000000029999999, 3.099999901223782e-08, 1.000000031999999, 1.0000000329999992, 1.0000000339999993, 1.0000000349999993, 1.0000000359999994, 1.0000000369999995, 1.0000000379999996, 1.0000000389999997]
2025-10-25T17:17:02.347055,P120,38,[1.0, 1.000000001, 1.999999943436137e-09, 1.000000003, 3.999999886872274e-09, 1.000000005, 6.000000052353016e-09, 1.0000000070000001, 7.999999773744548e-09, 8.99999985648492e-09, 1.00000001, 1.000000011, 1.000000012, 1.0000000130000002, 1.4000000270186774e-08, 1.0000000149999995, 1.5999999547489097e-08, 1.0000000169999996, 1.0000000179999997, 1.899999979571021e-08, 1.999999987845058e-08, 2.099999996119095e-08, 2.2000000043931323e-08, 1.0000000230000001, 2.4000000209412065e-08, 2.5000000292152436e-08, 2.6000000374892807e-08, 2.7000000457633178e-08, 2.800000054037355e-08, 1.0000000290000006, 2.999999892949745e-08, 3.099999901223782e-08, 1.000000031999999, 3.2999999177718564e-08, 1.0000000339999993, 1.0000000349999993, 1.0000000359999994, 3.699999950868005e-08, 1.0000000379999996, 3.899999967416079e-08]
2025-10-25T17:19:09.594164,P120,38,[0.0, 1.000000001, 1.999999943436137e-09, 1.000000003, 3.999999886872274e-09, 4.999999969612645e-09, 1.000000006, 1.0000000070000001, 7.999999773744548e-09, 8.99999985648492e-09, 1.00000001, 1.1000000021965661e-08, 1.2000000104706032e-08, 1.3000000187446403e-08, 1.4000000270186774e-08, 1.0000000149999995, 1.0000000159999995, 1.0000000169999996, 1.799999971296984e-08, 1.899999979571021e-08, 1.999999987845058e-08, 2.099999996119095e-08, 2.2000000043931323e-08, 2.3000000126671694e-08, 2.4000000209412065e-08, 2.5000000292152436e-08, 2.6000000374892807e-08, 2.7000000457633178e-08, 2.800000054037355e-08, 2.900000062311392e-08, 2.999999892949745e-08, 3.099999901223782e-08, 3.199999909497819e-08, 3.2999999177718564e-08, 3.3999999260458935e-08, 3.4999999343199306e-08, 1.0000000359999994, 3.699999950868005e-08, 1.0000000379999996, 3.899999967416079e-08]
2025-10-25T17:19:21.117834,P120,39,[1.0, 1.000000001, 1.000000002, 1.000000003, 1.0000000039999999, 1.000000005, 1.000000006, 1.0000000070000001, 7.999999773744548e-09, 1.0000000089999999, 9.99999993922529e-09, 1.000000011, 1.000000012, 1.0000000130000002, 1.0000000140000003, 1.0000000149999995, 1.5999999547489097e-08, 1.0000000169999996, 1.0000000179999997, 1.0000000189999998, 1.0000000199999999, 1.000000021, 1.000000022, 2.3000000126671694e-08, 1.0000000240000002, 1.0000000250000003, 1.0000000260000004, 1.0000000270000005, 1.0000000280000005, 1.0000000290000006, 1.000000029999999, 1.000000030999999, 1.000000031999999, 3.2999999177718564e-08, 1.0000000339999993, 1.0000000349999993, 1.0000000359999994, 3.699999950868005e-08, 1.0000000379999996, 1.0000000389999997]
2025-10-25T17:19:26.355308,P120,39,[1.0, 1.000000001, 1.000000002, 1.000000003, 1.0000000039999999, 1.000000005, 1.000000006, 1.0000000070000001, 7.999999773744548e-09, 1.0000000089999999, 9.99999993922529e-09, 1.000000011, 1.000000012, 1.0000000130000002, 1.0000000140000003, 1.0000000149999995, 1.5999999547489097e-08, 1.0000000169999996, 1.0000000179999997, 1.0000000189999998, 1.0000000199999999, 1.000000021, 1.000000022, 2.3000000126671694e-08, 1.0000000240000002, 1.0000000250000003, 1.0000000260000004, 1.0000000270000005, 1.0000000280000005, 1.0000000290000006, 1.000000029999999, 1.000000030999999, 1.000000031999999, 3.2999999177718564e-08, 1.0000000339999993, 1.0000000349999993, 1.0000000359999994, 3.699999950868005e-08, 1.0000000379999996, 1.0000000389999997]
2025-10-25T17:19:39.990108,P120,32,[0.0, 9.999999717180685e-10, 1.999999943436137e-09, 3.000000026176508e-09, 3.999999886872274e-09, 4.999999969612645e-09, 1.000000006, 7.000000135093387e-09, 7.999999773744548e-09, 8.99999985648492e-09, 1.00000001, 1.1000000021965661e-08, 1.2000000104706032e-08, 1.0000000130000002, 1.4000000270186774e-08, 1.0000000149999995, 1.5999999547489097e-08, 1.6999999630229468e-08, 1.799999971296984e-08, 1.899999979571021e-08, 1.999999987845058e-08, 2.099999996119095e-08, 2.2000000043931323e-08, 2.3000000126671694e-08, 2.4000000209412065e-08, 1.0000000250000003, 2.6000000374892807e-08, 2.7000000457633178e-08, 2.800000054037355e-08, 2.900000062311392e-08, 2.999999892949745e-08, 3.099999901223782e-08, 1.000000031999999, 3.2999999177718564e-08, 3.3999999260458935e-08, 3.4999999343199306e-08, 3.599999942593968e-08, 3.699999950868005e-08, 3.799999959142042e-08, 3.899999967416079e-08]
2025-10-25T17:22:33.158900,P1204,38,[1.0, 9.999999717180685e-10, 1.999999943436137e-09, 1.000000003, 3.999999886872274e-09, 1.000000005, 1.000000006, 1.0000000070000001, 7.999999773744548e-09, 8.99999985648492e-09, 1.00000001, 1.1000000021965661e-08, 1.000000012, 1.0000000130000002, 1.4000000270186774e-08, 1.0000000149999995, 1.5999999547489097e-08, 1.0000000169999996, 1.799999971296984e-08, 1.899999979571021e-08, 1.999999987845058e-08, 2.099999996119095e-08, 2.2000000043931323e-08, 2.3000000126671694e-08, 1.0000000240000002, 1.0000000250000003, 2.6000000374892807e-08, 1.0000000270000005, 2.800000054037355e-08, 2.900000062311392e-08, 2.999999892949745e-08, 3.099999901223782e-08, 3.199999909497819e-08, 3.2999999177718564e-08, 3.3999999260458935e-08, 1.0000000349999993, 1.0000000359999994, 1.0000000369999995, 1.0000000379999996, 3.899999967416079e-08]
2025-10-25T17:22:45.318725,P1204,39,[1.0, 1.000000001, 1.000000002, 1.000000003, 1.0000000039999999, 1.000000005, 6.000000052353016e-09, 1.0000000070000001, 1.0000000079999998, 1.0000000089999999, 1.00000001, 1.1000000021965661e-08, 1.000000012, 1.0000000130000002, 1.0000000140000003, 1.0000000149999995, 1.5999999547489097e-08, 1.6999999630229468e-08, 1.0000000179999997, 1.0000000189999998, 1.999999987845058e-08, 1.000000021, 1.000000022, 1.0000000230000001, 1.0000000240000002, 1.0000000250000003, 1.0000000260000004, 1.0000000270000005, 2.800000054037355e-08, 1.0000000290000006, 1.000000029999999, 1.000000030999999, 1.000000031999999, 3.2999999177718564e-08, 1.0000000339999993, 1.0000000349999993, 3.599999942593968e-08, 1.0000000369999995, 1.0000000379999996, 1.0000000389999997]
2025-10-25T17:24:06.811456,P10203,38,[0.0, 1.000000001, 1.999999943436137e-09, 1.000000003, 3.999999886872274e-09, 4.999999969612645e-09, 1.000000006, 1.0000000070000001, 7.999999773744548e-09, 8.99999985648492e-09, 1.00000001, 1.1000000021965661e-08, 1.2000000104706032e-08, 1.3000000187446403e-08, 1.4000000270186774e-08, 1.0000000149999995, 1.0000000159999995, 1.0000000169999996, 1.799999971296984e-08, 1.899999979571021e-08, 1.999999987845058e-08, 2.099999996119095e-08, 2.2000000043931323e-08, 2.3000000126671694e-08, 2.4000000209412065e-08, 2.5000000292152436e-08, 2.6000000374892807e-08, 2.7000000457633178e-08, 2.800000054037355e-08, 2.900000062311392e-08, 2.999999892949745e-08, 3.099999901223782e-08, 3.199999909497819e-08, 3.2999999177718564e-08, 3.3999999260458935e-08, 3.4999999343199306e-08, 1.0000000359999994, 3.699999950868005e-08, 1.0000000379999996, 3.899999967416079e-08]
2025-10-25T17:24:20.911390,P10203,32,[0.0, 9.999999717180685e-10, 1.999999943436137e-09, 3.000000026176508e-09, 3.999999886872274e-09, 4.999999969612645e-09, 6.000000052353016e-09, 7.000000135093387e-09, 7.999999773744548e-09, 8.99999985648492e-09, 1.00000001, 1.1000000021965661e-08, 1.2000000104706032e-08, 1.0000000130000002, 1.4000000270186774e-08, 1.0000000149999995, 1.5999999547489097e-08, 1.6999999630229468e-08, 1.799999971296984e-08, 1.899999979571021e-08, 1.999999987845058e-08, 2.099999996119095e-08, 2.2000000043931323e-08, 2.3000000126671694e-08, 1.0000000240000002, 1.0000000250000003, 2.6000000374892807e-08, 2.7000000457633178e-08, 2.800000054037355e-08, 2.900000062311392e-08, 2.999999892949745e-08, 3.099999901223782e-08, 1.000000031999999, 3.2999999177718564e-08, 3.3999999260458935e-08, 3.4999999343199306e-08, 3.599999942593968e-08, 3.699999950868005e-08, 3.799999959142042e-08, 3.899999967416079e-08]
2025-10-25T17:24:37.566860,P10203,32,[0.0, 9.999999717180685e-10, 1.999999943436137e-09, 3.000000026176508e-09, 3.999999886872274e-09, 4.999999969612645e-09, 1.000000006, 7.000000135093387e-09, 7.999999773744548e-09, 8.99999985648492e-09, 1.00000001, 1.1000000021965661e-08, 1.2000000104706032e-08, 1.0000000130000002, 1.4000000270186774e-08, 1.0000000149999995, 1.5999999547489097e-08, 1.6999999630229468e-08, 1.799999971296984e-08, 1.899999979571021e-08, 1.999999987845058e-08, 2.099999996119095e-08, 2.2000000043931323e-08, 2.3000000126671694e-08, 2.4000000209412065e-08, 1.0000000250000003, 2.6000000374892807e-08, 2.7000000457633178e-08, 2.800000054037355e-08, 2.900000062311392e-08, 2.999999892949745e-08, 3.099999901223782e-08, 1.000000031999999, 3.2999999177718564e-08, 3.3999999260458935e-08, 3.4999999343199306e-08, 3.599999942593968e-08, 3.699999950868005e-08, 3.799999959142042e-08, 3.899999967416079e-08]
2025-10-25T17:25:49.941867,P100,32,[0.0, 9.999999717180685e-10, 1.999999943436137e-09, 3.000000026176508e-09, 3.999999886872274e-09, 4.999999969612645e-09, 6.000000052353016e-09, 7.000000135093387e-09, 7.999999773744548e-09, 8.99999985648492e-09, 1.00000001, 1.000000011, 1.2000000104706032e-08, 1.0000000130000002, 1.4000000270186774e-08, 1.0000000149999995, 1.5999999547489097e-08, 1.6999999630229468e-08, 1.799999971296984e-08, 1.899999979571021e-08, 1.999999987845058e-08, 2.099999996119095e-08, 2.2000000043931323e-08, 2.3000000126671694e-08, 1.0000000240000002, 1.0000000250000003, 2.6000000374892807e-08, 2.7000000457633178e-08, 2.800000054037355e-08, 2.900000062311392e-08, 2.999999892949745e-08, 3.099999901223782e-08, 1.000000031999999, 3.2999999177718564e-08, 3.3999999260458935e-08, 3.4999999343199306e-08, 3.599999942593968e-08, 3.699999950868005e-08, 3.799999959142042e-08, 3.899999967416079e-08]
2025-10-25T17:26:43.979506,P1200,39,[0.0, 1.000000001, 1.000000002, 1.000000003, 1.0000000039999999, 1.000000005, 1.000000006, 1.0000000070000001, 7.999999773744548e-09, 1.0000000089999999, 9.99999993922529e-09, 1.000000011, 1.000000012, 1.0000000130000002, 1.0000000140000003, 1.0000000149999995, 1.5999999547489097e-08, 1.0000000169999996, 1.0000000179999997, 1.0000000189999998, 1.0000000199999999, 1.000000021, 1.000000022, 2.3000000126671694e-08, 1.0000000240000002, 1.0000000250000003, 1.0000000260000004, 1.0000000270000005, 1.0000000280000005, 1.0000000290000006, 1.000000029999999, 1.000000030999999, 1.000000031999999, 3.2999999177718564e-08, 1.0000000339999993, 1.0000000349999993, 1.0000000359999994, 1.0000000369999995, 1.0000000379999996, 1.0000000389999997]
2025-10-25T17:27:55.556808,P100,32,[0.0, 9.999999717180685e-10, 1.999999943436137e-09, 3.000000026176508e-09, 3.999999886872274e-09, 4.999999969612645e-09, 6.000000052353016e-09, 7.000000135093387e-09, 7.999999773744548e-09, 8.99999985648492e-09, 1.00000001, 1.000000011, 1.2000000104706032e-08, 1.0000000130000002, 1.4000000270186774e-08, 1.0000000149999995, 1.5999999547489097e-08, 1.6999999630229468e-08, 1.799999971296984e-08, 1.899999979571021e-08, 1.999999987845058e-08, 2.099999996119095e-08, 2.2000000043931323e-08, 2.3000000126671694e-08, 1.0000000240000002, 1.0000000250000003, 2.6000000374892807e-08, 2.7000000457633178e-08, 2.800000054037355e-08, 2.900000062311392e-08, 2.999999892949745e-08, 3.099999901223782e-08, 1.000000031999999, 3.2999999177718564e-08, 3.3999999260458935e-08, 3.4999999343199306e-08, 3.599999942593968e-08, 3.699999950868005e-08, 3.799999959142042e-08, 3.899999967416079e-08]
2025-10-25T17:30:54.925563,P234,32,[0.0, 9.999999717180685e-10, 1.999999943436137e-09, 3.000000026176508e-09, 3.999999886872274e-09, 4.999999969612645e-09, 6.000000052353016e-09, 7.000000135093387e-09, 7.999999773744548e-09, 8.99999985648492e-09, 1.00000001, 1.000000011, 1.2000000104706032e-08, 1.0000000130000002, 1.4000000270186774e-08, 1.0000000149999995, 1.5999999547489097e-08, 1.6999999630229468e-08, 1.799999971296984e-08, 1.899999979571021e-08, 1.999999987845058e-08, 2.099999996119095e-08, 2.2000000043931323e-08, 2.3000000126671694e-08, 1.0000000240000002, 1.0000000250000003, 2.6000000374892807e-08, 2.7000000457633178e-08, 2.800000054037355e-08, 2.900000062311392e-08, 2.999999892949745e-08, 3.099999901223782e-08, 1.000000031999999, 3.2999999177718564e-08, 3.3999999260458935e-08, 3.4999999343199306e-08, 3.599999942593968e-08, 3.699999950868005e-08, 3.799999959142042e-08, 3.899999967416079e-08]
2025-10-25T17:31:35.279040,P63789,39,[0.0, 1.000000001, 1.000000002, 1.000000003, 1.0000000039999999, 1.000000005, 1.000000006, 1.0000000070000001, 7.999999773744548e-09, 1.0000000089999999, 9.99999993922529e-09, 1.000000011, 1.000000012, 1.0000000130000002, 1.0000000140000003, 1.0000000149999995, 1.5999999547489097e-08, 1.0000000169999996, 1.0000000179999997, 1.0000000189999998, 1.0000000199999999, 1.000000021, 1.000000022, 2.3000000126671694e-08, 1.0000000240000002, 1.0000000250000003, 1.0000000260000004, 1.0000000270000005, 1.0000000280000005, 1.0000000290000006, 1.000000029999999, 1.000000030999999, 1.000000031999999, 3.2999999177718564e-08, 1.0000000339999993, 1.0000000349999993, 1.0000000359999994, 1.0000000369999995, 1.0000000379999996, 1.0000000389999997]
2025-10-25T17:33:55.684766,P45678,38,[0.0, 1.000000001, 1.999999943436137e-09, 1.000000003, 3.999999886872274e-09, 4.999999969612645e-09, 1.000000006, 1.0000000070000001, 7.999999773744548e-09, 8.99999985648492e-09, 1.00000001, 1.1000000021965661e-08, 1.2000000104706032e-08, 1.3000000187446403e-08, 1.4000000270186774e-08, 1.0000000149999995, 1.0000000159999995, 1.0000000169999996, 1.799999971296984e-08, 1.899999979571021e-08, 1.999999987845058e-08, 2.099999996119095e-08, 2.2000000043931323e-08, 2.3000000126671694e-08, 2.4000000209412065e-08, 2.5000000292152436e-08, 2.6000000374892807e-08, 2.7000000457633178e-08, 2.800000054037355e-08, 2.900000062311392e-08, 2.999999892949745e-08, 3.099999901223782e-08, 3.199999909497819e-08, 3.2999999177718564e-08, 3.3999999260458935e-08, 3.4999999343199306e-08, 1.0000000359999994, 3.699999950868005e-08, 1.0000000379999996, 3.899999967416079e-08]
2025-10-25T17:34:09.685443,P45678,39,[0.0, 1.000000001, 1.000000002, 3.000000026176508e-09, 1.0000000039999999, 4.999999969612645e-09, 6.000000052353016e-09, 1.0000000070000001, 7.999999773744548e-09, 8.99999985648492e-09, 9.99999993922529e-09, 1.000000011, 1.2000000104706032e-08, 1.3000000187446403e-08, 1.4000000270186774e-08, 1.0000000149999995, 1.0000000159999995, 1.6999999630229468e-08, 1.799999971296984e-08, 1.899999979571021e-08, 1.0000000199999999, 2.099999996119095e-08, 2.2000000043931323e-08, 1.0000000230000001, 2.4000000209412065e-08, 1.0000000250000003, 1.0000000260000004, 1.0000000270000005, 2.800000054037355e-08, 1.0000000290000006, 2.999999892949745e-08, 3.099999901223782e-08, 3.199999909497819e-08, 3.2999999177718564e-08, 3.3999999260458935e-08, 3.4999999343199306e-08, 1.0000000359999994, 1.0000000369999995, 1.0000000379999996, 1.0000000389999997]
2025-10-25T17:34:23.362012,P45678,32,[0.0, 9.999999717180685e-10, 1.999999943436137e-09, 3.000000026176508e-09, 3.999999886872274e-09, 4.999999969612645e-09, 6.000000052353016e-09, 7.000000135093387e-09, 7.999999773744548e-09, 8.99999985648492e-09, 1.00000001, 1.000000011, 1.2000000104706032e-08, 1.0000000130000002, 1.4000000270186774e-08, 1.0000000149999995, 1.5999999547489097e-08, 1.6999999630229468e-08, 1.799999971296984e-08, 1.899999979571021e-08, 1.999999987845058e-08, 2.099999996119095e-08, 2.2000000043931323e-08, 2.3000000126671694e-08, 1.0000000240000002, 1.0000000250000003, 2.6000000374892807e-08, 2.7000000457633178e-08, 2.800000054037355e-08, 2.900000062311392e-08, 2.999999892949745e-08, 3.099999901223782e-08, 1.000000031999999, 3.2999999177718564e-08, 3.3999999260458935e-08, 3.4999999343199306e-08, 3.599999942593968e-08, 3.699999950868005e-08, 3.799999959142042e-08, 3.899999967416079e-08]
2025-10-25T17:34:41.204745,P45678,36,[1.0, 1.000000001, 1.000000002, 1.000000003, 3.999999886872274e-09, 4.999999969612645e-09, 1.000000006, 1.0000000070000001, 7.999999773744548e-09, 8.99999985648492e-09, 1.00000001, 1.000000011, 1.000000012, 1.0000000130000002, 1.4000000270186774e-08, 1.0000000149999995, 1.5999999547489097e-08, 1.0000000169999996, 1.0000000179999997, 1.0000000189999998, 1.999999987845058e-08, 1.000000021, 2.2000000043931323e-08, 2.3000000126671694e-08, 2.4000000209412065e-08, 2.5000000292152436e-08, 2.6000000374892807e-08, 2.7000000457633178e-08, 2.800000054037355e-08, 1.0000000290000006, 1.000000029999999, 3.099999901223782e-08, 1.000000031999999, 3.2999999177718564e-08, 1.0000000339999993, 3.4999999343199306e-08, 1.0000000359999994, 3.699999950868005e-08, 3.799999959142042e-08, 3.899999967416079e-08]
2025-10-25T17:35:01.688920,P45678,38,[1.0, 1.000000001, 1.999999943436137e-09, 1.000000003, 3.999999886872274e-09, 4.999999969612645e-09, 6.000000052353016e-09, 1.0000000070000001, 7.999999773744548e-09, 8.99999985648492e-09, 1.00000001, 1.000000011, 1.2000000104706032e-08, 1.0000000130000002, 1.4000000270186774e-08, 1.4999999464748726e-08, 1.5999999547489097e-08, 1.0000000169999996, 1.0000000179999997, 1.899999979571021e-08, 1.999999987845058e-08, 1.000000021, 2.2000000043931323e-08, 2.3000000126671694e-08, 1.0000000240000002, 2.5000000292152436e-08, 2.6000000374892807e-08, 1.0000000270000005, 2.800000054037355e-08, 1.0000000290000006, 2.999999892949745e-08, 3.099999901223782e-08, 3.199999909497819e-08, 3.2999999177718564e-08, 3.3999999260458935e-08, 3.4999999343199306e-08, 1.0000000359999994, 3.699999950868005e-08, 1.0000000379999996, 3.899999967416079e-08]
2025-10-25T17:35:24.802712,P45678,39,[1.0, 1.000000001, 1.000000002, 1.000000003, 1.0000000039999999, 1.000000005, 1.000000006, 1.0000000070000001, 7.999999773744548e-09, 1.0000000089999999, 9.99999993922529e-09, 1.000000011, 1.000000012, 1.0000000130000002, 1.0000000140000003, 1.0000000149999995, 1.5999999547489097e-08, 1.0000000169999996, 1.0000000179999997, 1.0000000189999998, 1.0000000199999999, 1.000000021, 1.000000022, 2.3000000126671694e-08, 1.0000000240000002, 1.0000000250000003, 1.0000000260000004, 1.0000000270000005, 1.0000000280000005, 1.0000000290000006, 1.000000029999999, 1.000000030999999, 1.000000031999999, 3.2999999177718564e-08, 1.0000000339999993, 1.0000000349999993, 1.0000000359999994, 3.699999950868005e-08, 1.0000000379999996, 1.0000000389999997]
2025-10-25T17:42:35.570685,P1230,38,[0.0, 1.000000001, 1.999999943436137e-09, 1.000000003, 3.999999886872274e-09, 4.999999969612645e-09, 1.000000006, 1.0000000070000001, 7.999999773744548e-09, 8.99999985648492e-09, 1.00000001, 1.1000000021965661e-08, 1.2000000104706032e-08, 1.3000000187446403e-08, 1.4000000270186774e-08, 1.0000000149999995, 1.0000000159999995, 1.0000000169999996, 1.799999971296984e-08, 1.899999979571021e-08, 1.999999987845058e-08, 2.099999996119095e-08, 2.2000000043931323e-08, 2.3000000126671694e-08, 2.4000000209412065e-08, 2.5000000292152436e-08, 2.6000000374892807e-08, 2.7000000457633178e-08, 2.800000054037355e-08, 2.900000062311392e-08, 2.999999892949745e-08, 3.099999901223782e-08, 3.199999909497819e-08, 3.2999999177718564e-08, 3.3999999260458935e-08, 3.4999999343199306e-08, 1.0000000359999994, 3.699999950868005e-08, 1.0000000379999996, 3.899999967416079e-08]
2025-10-25T18:11:24.696757,P102933,39,[0.0, 1.000000001, 1.000000002, 1.000000003, 1.0000000039999999, 1.000000005, 1.000000006, 1.0000000070000001, 7.999999773744548e-09, 1.0000000089999999, 9.99999993922529e-09, 1.000000011, 1.000000012, 1.0000000130000002, 1.0000000140000003, 1.0000000149999995, 1.5999999547489097e-08, 1.0000000169999996, 1.0000000179999997, 1.0000000189999998, 1.0000000199999999, 1.000000021, 1.000000022, 2.3000000126671694e-08, 1.0000000240000002, 1.0000000250000003, 1.0000000260000004, 1.0000000270000005, 1.0000000280000005, 1.0000000290000006, 1.000000029999999, 1.000000030999999, 1.000000031999999, 3.2999999177718564e-08, 1.0000000339999993, 1.0000000349999993, 1.0000000359999994, 1.0000000369999995, 1.0000000379999996, 1.0000000389999997]
2025-10-25T18:55:54.772284,P1230,38,[0.0, 1.000000001, 1.999999943436137e-09, 1.000000003, 3.999999886872274e-09, 4.999999969612645e-09, 1.000000006, 1.0000000070000001, 7.999999773744548e-09, 8.99999985648492e-09, 1.00000001, 1.1000000021965661e-08, 1.2000000104706032e-08, 1.3000000187446403e-08, 1.4000000270186774e-08, 1.0000000149999995, 1.0000000159999995, 1.0000000169999996, 1.799999971296984e-08, 1.899999979571021e-08, 1.999999987845058e-08, 2.099999996119095e-08, 2.2000000043931323e-08, 2.3000000126671694e-08, 2.4000000209412065e-08, 2.5000000292152436e-08, 2.6000000374892807e-08, 2.7000000457633178e-08, 2.800000054037355e-08, 2.900000062311392e-08, 2.999999892949745e-08, 3.099999901223782e-08, 3.199999909497819e-08, 3.2999999177718564e-08, 3.3999999260458935e-08, 3.4999999343199306e-08, 1.0000000359999994, 3.699999950868005e-08, 1.0000000379999996, 3.899999967416079e-08]
2025-10-25T19:01:32.879072,P233,38,[0.0, 1.000000001, 1.999999943436137e-09, 1.000000003, 3.999999886872274e-09, 4.999999969612645e-09, 1.000000006, 1.0000000070000001, 7.999999773744548e-09, 8.99999985648492e-09, 1.00000001, 1.1000000021965661e-08, 1.2000000104706032e-08, 1.3000000187446403e-08, 1.4000000270186774e-08, 1.0000000149999995, 1.0000000159999995, 1.0000000169999996, 1.799999971296984e-08, 1.899999979571021e-08, 1.999999987845058e-08, 2.099999996119095e-08, 2.2000000043931323e-08, 2.3000000126671694e-08, 2.4000000209412065e-08, 2.5000000292152436e-08, 2.6000000374892807e-08, 2.7000000457633178e-08, 2.800000054037355e-08, 2.900000062311392e-08, 2.999999892949745e-08, 3.099999901223782e-08, 3.199999909497819e-08, 3.2999999177718564e-08, 3.3999999260458935e-08, 3.4999999343199306e-08, 1.0000000359999994, 3.699999950868005e-08, 1.0000000379999996, 3.899999967416079e-08]
2025-10-25T19:18:33.873902,P120,38,[0.0, 1.000000001, 1.999999943436137e-09, 1.000000003, 3.999999886872274e-09, 4.999999969612645e-09, 1.000000006, 1.0000000070000001, 7.999999773744548e-09, 8.99999985648492e-09, 1.00000001, 1.1000000021965661e-08, 1.2000000104706032e-08, 1.3000000187446403e-08, 1.4000000270186774e-08, 1.0000000149999995, 1.0000000159999995, 1.0000000169999996, 1.799999971296984e-08, 1.899999979571021e-08, 1.999999987845058e-08, 2.099999996119095e-08, 2.2000000043931323e-08, 2.3000000126671694e-08, 2.4000000209412065e-08, 2.5000000292152436e-08, 2.6000000374892807e-08, 2.7000000457633178e-08, 2.800000054037355e-08, 2.900000062311392e-08, 2.999999892949745e-08, 3.099999901223782e-08, 3.199999909497819e-08, 3.2999999177718564e-08, 3.3999999260458935e-08, 3.4999999343199306e-08, 1.0000000359999994, 3.699999950868005e-08, 1.0000000379999996, 3.899999967416079e-08]
2025-10-25T19:18:38.278195,P120,38,[0.0, 1.000000001, 1.999999943436137e-09, 1.000000003, 3.999999886872274e-09, 4.999999969612645e-09, 1.000000006, 1.0000000070000001, 7.999999773744548e-09, 8.99999985648492e-09, 1.00000001, 1.1000000021965661e-08, 1.2000000104706032e-08, 1.3000000187446403e-08, 1.4000000270186774e-08, 1.0000000149999995, 1.0000000159999995, 1.0000000169999996, 1.799999971296984e-08, 1.899999979571021e-08, 1.999999987845058e-08, 2.099999996119095e-08, 2.2000000043931323e-08, 2.3000000126671694e-08, 2.4000000209412065e-08, 2.5000000292152436e-08, 2.6000000374892807e-08, 2.7000000457633178e-08, 2.800000054037355e-08, 2.900000062311392e-08, 2.999999892949745e-08, 3.099999901223782e-08, 3.199999909497819e-08, 3.2999999177718564e-08, 3.3999999260458935e-08, 3.4999999343199306e-08, 1.0000000359999994, 3.699999950868005e-08, 1.0000000379999996, 3.899999967416079e-08]
2025-10-25T19:18:57.083282,P120,32,[0.0, 9.999999717180685e-10, 1.999999943436137e-09, 3.000000026176508e-09, 3.999999886872274e-09, 4.999999969612645e-09, 6.000000052353016e-09, 7.000000135093387e-09, 7.999999773744548e-09, 8.99999985648492e-09, 1.00000001, 1.000000011, 1.2000000104706032e-08, 1.0000000130000002, 1.4000000270186774e-08, 1.0000000149999995, 1.5999999547489097e-08, 1.6999999630229468e-08, 1.799999971296984e-08, 1.899999979571021e-08, 1.999999987845058e-08, 2.099999996119095e-08, 2.2000000043931323e-08, 2.3000000126671694e-08, 1.0000000240000002, 1.0000000250000003, 2.6000000374892807e-08, 2.7000000457633178e-08, 2.800000054037355e-08, 2.900000062311392e-08, 2.999999892949745e-08, 3.099999901223782e-08, 1.000000031999999, 3.2999999177718564e-08, 3.3999999260458935e-08, 3.4999999343199306e-08, 3.599999942593968e-08, 3.699999950868005e-08, 3.799999959142042e-08, 3.899999967416079e-08]
2025-10-25T19:19:11.128058,P120,39,[0.0, 1.000000001, 1.000000002, 1.000000003, 1.0000000039999999, 1.000000005, 1.000000006, 1.0000000070000001, 7.999999773744548e-09, 1.0000000089999999, 9.99999993922529e-09, 1.000000011, 1.000000012, 1.0000000130000002, 1.0000000140000003, 1.0000000149999995, 1.5999999547489097e-08, 1.0000000169999996, 1.0000000179999997, 1.0000000189999998, 1.0000000199999999, 1.000000021, 1.000000022, 2.3000000126671694e-08, 1.0000000240000002, 1.0000000250000003, 1.0000000260000004, 1.0000000270000005, 1.0000000280000005, 1.0000000290000006, 1.000000029999999, 1.000000030999999, 1.000000031999999, 3.2999999177718564e-08, 1.0000000339999993, 1.0000000349999993, 1.0000000359999994, 1.0000000369999995, 1.0000000379999996, 1.0000000389999997]
2025-10-25T19:24:26.473161,P123,38,[0.0, 1.000000001, 1.999999943436137e-09, 1.000000003, 3.999999886872274e-09, 4.999999969612645e-09, 1.000000006, 1.0000000070000001, 7.999999773744548e-09, 8.99999985648492e-09, 1.00000001, 1.1000000021965661e-08, 1.2000000104706032e-08, 1.3000000187446403e-08, 1.4000000270186774e-08, 1.0000000149999995, 1.0000000159999995, 1.0000000169999996, 1.799999971296984e-08, 1.899999979571021e-08, 1.999999987845058e-08, 2.099999996119095e-08, 2.2000000043931323e-08, 2.3000000126671694e-08, 2.4000000209412065e-08, 2.5000000292152436e-08, 2.6000000374892807e-08, 2.7000000457633178e-08, 2.800000054037355e-08, 2.900000062311392e-08, 2.999999892949745e-08, 3.099999901223782e-08, 3.199999909497819e-08, 3.2999999177718564e-08, 3.3999999260458935e-08, 3.4999999343199306e-08, 1.0000000359999994, 3.699999950868005e-08, 1.0000000379999996, 3.899999967416079e-08]
2025-10-25T19:24:42.292533,P123,32,[0.0, 9.999999717180685e-10, 1.999999943436137e-09, 3.000000026176508e-09, 3.999999886872274e-09, 4.999999969612645e-09, 6.000000052353016e-09, 7.000000135093387e-09, 7.999999773744548e-09, 8.99999985648492e-09, 1.00000001, 1.000000011, 1.2000000104706032e-08, 1.0000000130000002, 1.4000000270186774e-08, 1.0000000149999995, 1.5999999547489097e-08, 1.6999999630229468e-08, 1.799999971296984e-08, 1.899999979571021e-08, 1.999999987845058e-08, 2.099999996119095e-08, 2.2000000043931323e-08, 2.3000000126671694e-08, 1.0000000240000002, 1.0000000250000003, 2.6000000374892807e-08, 2.7000000457633178e-08, 2.800000054037355e-08, 2.900000062311392e-08, 2.999999892949745e-08, 3.099999901223782e-08, 1.000000031999999, 3.2999999177718564e-08, 3.3999999260458935e-08, 3.4999999343199306e-08, 3.599999942593968e-08, 3.699999950868005e-08, 3.799999959142042e-08, 3.899999967416079e-08]
2025-10-25T19:25:06.156056,P123,39,[0.0, 1.000000001, 1.000000002, 1.000000003, 1.0000000039999999, 1.000000005, 1.000000006, 1.0000000070000001, 7.999999773744548e-09, 1.0000000089999999, 9.99999993922529e-09, 1.000000011, 1.000000012, 1.0000000130000002, 1.0000000140000003, 1.0000000149999995, 1.5999999547489097e-08, 1.0000000169999996, 1.0000000179999997, 1.0000000189999998, 1.0000000199999999, 1.000000021, 1.000000022, 2.3000000126671694e-08, 1.0000000240000002, 1.0000000250000003, 1.0000000260000004, 1.0000000270000005, 1.0000000280000005, 1.0000000290000006, 1.000000029999999, 1.000000030999999, 1.000000031999999, 3.2999999177718564e-08, 1.0000000339999993, 1.0000000349999993, 1.0000000359999994, 1.0000000369999995, 1.0000000379999996, 1.0000000389999997]
2025-10-25T19:25:11.055748,P123,39,[0.0, 1.000000001, 1.000000002, 1.000000003, 1.0000000039999999, 1.000000005, 1.000000006, 1.0000000070000001, 7.999999773744548e-09, 1.0000000089999999, 9.99999993922529e-09, 1.000000011, 1.000000012, 1.0000000130000002, 1.0000000140000003, 1.0000000149999995, 1.5999999547489097e-08, 1.0000000169999996, 1.0000000179999997, 1.0000000189999998, 1.0000000199999999, 1.000000021, 1.000000022, 2.3000000126671694e-08, 1.0000000240000002, 1.0000000250000003, 1.0000000260000004, 1.0000000270000005, 1.0000000280000005, 1.0000000290000006, 1.000000029999999, 1.000000030999999, 1.000000031999999, 3.2999999177718564e-08, 1.0000000339999993, 1.0000000349999993, 1.0000000359999994, 1.0000000369999995, 1.0000000379999996, 1.0000000389999997]
2025-10-25T19:25:22.557619,P1234,38,[0.0, 1.000000001, 1.999999943436137e-09, 1.000000003, 3.999999886872274e-09, 4.999999969612645e-09, 1.000000006, 1.0000000070000001, 7.999999773744548e-09, 8.99999985648492e-09, 1.00000001, 1.1000000021965661e-08, 1.2000000104706032e-08, 1.3000000187446403e-08, 1.4000000270186774e-08, 1.0000000149999995, 1.0000000159999995, 1.0000000169999996, 1.799999971296984e-08, 1.899999979571021e-08, 1.999999987845058e-08, 2.099999996119095e-08, 2.2000000043931323e-08, 2.3000000126671694e-08, 2.4000000209412065e-08, 2.5000000292152436e-08, 2.6000000374892807e-08, 2.7000000457633178e-08, 2.800000054037355e-08, 2.900000062311392e-08, 2.999999892949745e-08, 3.099999901223782e-08, 3.199999909497819e-08, 3.2999999177718564e-08, 3.3999999260458935e-08, 3.4999999343199306e-08, 1.0000000359999994, 3.699999950868005e-08, 1.0000000379999996, 3.899999967416079e-08]
2025-10-25T19:25:36.186573,P1234,39,[0.0, 1.000000001, 1.000000002, 1.000000003, 1.0000000039999999, 1.000000005, 1.000000006, 1.0000000070000001, 7.999999773744548e-09, 1.0000000089999999, 9.99999993922529e-09, 1.000000011, 1.000000012, 1.0000000130000002, 1.0000000140000003, 1.0000000149999995, 1.5999999547489097e-08, 1.0000000169999996, 1.0000000179999997, 1.0000000189999998, 1.0000000199999999, 1.000000021, 1.000000022, 2.3000000126671694e-08, 1.0000000240000002, 1.0000000250000003, 1.0000000260000004, 1.0000000270000005, 1.0000000280000005, 1.0000000290000006, 1.000000029999999, 1.000000030999999, 1.000000031999999, 3.2999999177718564e-08, 1.0000000339999993, 1.0000000349999993, 1.0000000359999994, 1.0000000369999995, 1.0000000379999996, 1.0000000389999997]
2025-10-25T19:31:06.974000,P56789,38,[0.0, 1.000000001, 1.999999943436137e-09, 1.000000003, 3.999999886872274e-09, 4.999999969612645e-09, 1.000000006, 1.0000000070000001, 7.999999773744548e-09, 8.99999985648492e-09, 1.00000001, 1.1000000021965661e-08, 1.2000000104706032e-08, 1.3000000187446403e-08, 1.4000000270186774e-08, 1.0000000149999995, 1.0000000159999995, 1.0000000169999996, 1.799999971296984e-08, 1.899999979571021e-08, 1.999999987845058e-08, 2.099999996119095e-08, 2.2000000043931323e-08, 2.3000000126671694e-08, 2.4000000209412065e-08, 2.5000000292152436e-08, 2.6000000374892807e-08, 2.7000000457633178e-08, 2.800000054037355e-08, 2.900000062311392e-08, 2.999999892949745e-08, 3.099999901223782e-08, 3.199999909497819e-08, 3.2999999177718564e-08, 3.3999999260458935e-08, 3.4999999343199306e-08, 1.0000000359999994, 3.699999950868005e-08, 1.0000000379999996, 3.899999967416079e-08]
2025-10-25T19:31:27.945045,P56789,25,[0.0, 9.999999717180685e-10, 1.999999943436137e-09, 1.000000003, 3.999999886872274e-09, 4.999999969612645e-09, 6.000000052353016e-09, 7.000000135093387e-09, 7.999999773744548e-09, 1.0000000089999999, 1.00000001, 1.000000011, 1.2000000104706032e-08, 1.0000000130000002, 1.4000000270186774e-08, 1.0000000149999995, 1.0000000159999995, 1.6999999630229468e-08, 1.799999971296984e-08, 1.899999979571021e-08, 1.999999987845058e-08, 2.099999996119095e-08, 2.2000000043931323e-08, 2.3000000126671694e-08, 2.4000000209412065e-08, 1.0000000250000003, 2.6000000374892807e-08, 2.7000000457633178e-08, 2.800000054037355e-08, 2.900000062311392e-08, 2.999999892949745e-08, 3.099999901223782e-08, 3.199999909497819e-08, 3.2999999177718564e-08, 3.3999999260458935e-08, 3.4999999343199306e-08, 3.599999942593968e-08, 3.699999950868005e-08, 3.799999959142042e-08, 3.899999967416079e-08]
2025-10-25T19:31:47.492430,P56789,39,[0.0, 1.000000001, 1.000000002, 3.000000026176508e-09, 3.999999886872274e-09, 4.999999969612645e-09, 6.000000052353016e-09, 1.0000000070000001, 7.999999773744548e-09, 1.0000000089999999, 9.99999993922529e-09, 1.000000011, 1.000000012, 1.3000000187446403e-08, 1.0000000140000003, 1.0000000149999995, 1.5999999547489097e-08, 1.0000000169999996, 1.799999971296984e-08, 1.899999979571021e-08, 1.0000000199999999, 1.000000021, 2.2000000043931323e-08, 2.3000000126671694e-08, 1.0000000240000002, 1.0000000250000003, 1.0000000260000004, 1.0000000270000005, 2.800000054037355e-08, 1.0000000290000006, 2.999999892949745e-08, 1.000000030999999, 3.199999909497819e-08, 3.2999999177718564e-08, 3.3999999260458935e-08, 3.4999999343199306e-08, 3.599999942593968e-08, 1.0000000369999995, 3.799999959142042e-08, 1.0000000389999997]
2025-10-25T19:32:52.253986,P6789,25,[0.0, 9.999999717180685e-10, 1.999999943436137e-09, 3.000000026176508e-09, 3.999999886872274e-09, 4.999999969612645e-09, 6.000000052353016e-09, 7.000000135093387e-09, 7.999999773744548e-09, 8.99999985648492e-09, 1.00000001, 1.1000000021965661e-08, 1.2000000104706032e-08, 1.0000000130000002, 1.4000000270186774e-08, 1.4999999464748726e-08, 1.5999999547489097e-08, 1.6999999630229468e-08, 1.799999971296984e-08, 1.899999979571021e-08, 1.999999987845058e-08, 2.099999996119095e-08, 2.2000000043931323e-08, 2.3000000126671694e-08, 2.4000000209412065e-08, 1.0000000250000003, 2.6000000374892807e-08, 2.7000000457633178e-08, 2.800000054037355e-08, 2.900000062311392e-08, 2.999999892949745e-08, 3.099999901223782e-08, 3.199999909497819e-08, 3.2999999177718564e-08, 3.3999999260458935e-08, 3.4999999343199306e-08, 3.599999942593968e-08, 3.699999950868005e-08, 3.799999959142042e-08, 3.899999967416079e-08]
2025-10-25T19:48:43.181182,P6789,38,[0.0, 1.000000001, 1.999999943436137e-09, 1.000000003, 3.999999886872274e-09, 4.999999969612645e-09, 1.000000006, 1.0000000070000001, 7.999999773744548e-09, 8.99999985648492e-09, 1.00000001, 1.1000000021965661e-08, 1.2000000104706032e-08, 1.3000000187446403e-08, 1.4000000270186774e-08, 1.0000000149999995, 1.0000000159999995, 1.0000000169999996, 1.799999971296984e-08, 1.899999979571021e-08, 1.999999987845058e-08, 2.099999996119095e-08, 2.2000000043931323e-08, 2.3000000126671694e-08, 2.4000000209412065e-08, 2.5000000292152436e-08, 2.6000000374892807e-08, 2.7000000457633178e-08, 2.800000054037355e-08, 2.900000062311392e-08, 2.999999892949745e-08, 3.099999901223782e-08, 3.199999909497819e-08, 3.2999999177718564e-08, 3.3999999260458935e-08, 3.4999999343199306e-08, 1.0000000359999994, 3.699999950868005e-08, 1.0000000379999996, 3.899999967416079e-08]
2025-10-25T20:04:37.163246,P6789,39,[1.0, 1.000000001, 1.000000002, 1.000000003, 1.0000000039999999, 4.999999969612645e-09, 6.000000052353016e-09, 1.0000000070000001, 7.999999773744548e-09, 1.0000000089999999, 9.99999993922529e-09, 1.000000011, 1.000000012, 1.0000000130000002, 1.0000000140000003, 1.0000000149999995, 1.5999999547489097e-08, 1.0000000169999996, 1.799999971296984e-08, 1.0000000189999998, 1.0000000199999999, 1.000000021, 1.000000022, 2.3000000126671694e-08, 1.0000000240000002, 1.0000000250000003, 1.0000000260000004, 1.0000000270000005, 2.800000054037355e-08, 1.0000000290000006, 1.000000029999999, 1.000000030999999, 3.199999909497819e-08, 3.2999999177718564e-08, 1.0000000339999993, 1.0000000349999993, 3.599999942593968e-08, 1.0000000369999995, 3.799999959142042e-08, 1.0000000389999997]
2025-10-25T21:05:55.329742,P123,38,[1.0, 9.999999717180685e-10, 1.999999943436137e-09, 3.000000026176508e-09, 1.0000000039999999, 4.999999969612645e-09, 1.000000006, 1.0000000070000001, 7.999999773744548e-09, 8.99999985648492e-09, 1.00000001, 1.1000000021965661e-08, 1.2000000104706032e-08, 1.0000000130000002, 1.4000000270186774e-08, 1.0000000149999995, 1.0000000159999995, 1.6999999630229468e-08, 1.799999971296984e-08, 1.899999979571021e-08, 1.999999987845058e-08, 2.099999996119095e-08, 2.2000000043931323e-08, 2.3000000126671694e-08, 1.0000000240000002, 1.0000000250000003, 2.6000000374892807e-08, 1.0000000270000005, 2.800000054037355e-08, 2.900000062311392e-08, 2.999999892949745e-08, 3.099999901223782e-08, 3.199999909497819e-08, 3.2999999177718564e-08, 3.3999999260458935e-08, 3.4999999343199306e-08, 3.599999942593968e-08, 3.699999950868005e-08, 1.0000000379999996, 3.899999967416079e-08]
2025-10-25T21:11:39.315258,P123,32,[0.0, 9.999999717180685e-10, 1.999999943436137e-09, 3.000000026176508e-09, 3.999999886872274e-09, 4.999999969612645e-09, 6.000000052353016e-09, 7.000000135093387e-09, 7.999999773744548e-09, 8.99999985648492e-09, 1.00000001, 1.000000011, 1.2000000104706032e-08, 1.0000000130000002, 1.4000000270186774e-08, 1.0000000149999995, 1.5999999547489097e-08, 1.6999999630229468e-08, 1.799999971296984e-08, 1.899999979571021e-08, 1.999999987845058e-08, 2.099999996119095e-08, 2.2000000043931323e-08, 2.3000000126671694e-08, 1.0000000240000002, 1.0000000250000003, 2.6000000374892807e-08, 2.7000000457633178e-08, 2.800000054037355e-08, 2.900000062311392e-08, 2.999999892949745e-08, 3.099999901223782e-08, 1.000000031999999, 3.2999999177718564e-08, 3.3999999260458935e-08, 3.4999999343199306e-08, 3.599999942593968e-08, 3.699999950868005e-08, 3.799999959142042e-08, 3.899999967416079e-08]
2025-10-25T21:15:57.543974,P1203,36,[0.0, 1.000000001, 1.999999943436137e-09, 3.000000026176508e-09, 3.999999886872274e-09, 4.999999969612645e-09, 6.000000052353016e-09, 7.000000135093387e-09, 1.0000000079999998, 8.99999985648492e-09, 1.00000001, 1.1000000021965661e-08, 1.000000012, 1.0000000130000002, 1.4000000270186774e-08, 1.4999999464748726e-08, 1.0000000159999995, 1.6999999630229468e-08, 1.799999971296984e-08, 1.899999979571021e-08, 1.999999987845058e-08, 2.099999996119095e-08, 2.2000000043931323e-08, 2.3000000126671694e-08, 2.4000000209412065e-08, 2.5000000292152436e-08, 2.6000000374892807e-08, 2.7000000457633178e-08, 2.800000054037355e-08, 1.0000000290000006, 2.999999892949745e-08, 3.099999901223782e-08, 1.000000031999999, 3.2999999177718564e-08, 1.0000000339999993, 1.0000000349999993, 1.0000000359999994, 3.699999950868005e-08, 3.799999959142042e-08, 3.899999967416079e-08]
2025-10-25T21:21:10.999359,P120,38,[0.0, 9.999999717180685e-10, 1.999999943436137e-09, 3.000000026176508e-09, 1.0000000039999999, 1.000000005, 6.000000052353016e-09, 1.0000000070000001, 7.999999773744548e-09, 8.99999985648492e-09, 1.00000001, 1.1000000021965661e-08, 1.000000012, 1.3000000187446403e-08, 1.4000000270186774e-08, 1.0000000149999995, 1.5999999547489097e-08, 1.6999999630229468e-08, 1.799999971296984e-08, 1.899999979571021e-08, 1.999999987845058e-08, 2.099999996119095e-08, 2.2000000043931323e-08, 2.3000000126671694e-08, 2.4000000209412065e-08, 2.5000000292152436e-08, 2.6000000374892807e-08, 2.7000000457633178e-08, 2.800000054037355e-08, 1.0000000290000006, 1.000000029999999, 3.099999901223782e-08, 3.199999909497819e-08, 1.0000000329999992, 1.0000000339999993, 1.0000000349999993, 1.0000000359999994, 3.699999950868005e-08, 1.0000000379999996, 3.899999967416079e-08]
2025-10-25T21:33:17.612835,P5678,0,[1.0, 9.999999717180685e-10, 1.0, 1.0, 3.999999886872274e-09, 4.999999969612645e-09, 1.0, 1.0, 7.999999773744548e-09, 1.0, 1.0, 1.0, 1.0, 1.0, 1.4000000270186774e-08, 1.0, 1.0, 1.0, 1.0, 1.0, 1.999999987845058e-08, 1.0, 1.0, 2.3000000126671694e-08, 1.0, 1.0, 2.6000000374892807e-08, 1.0, 2.800000054037355e-08, 2.900000062311392e-08, 1.0, 3.099999901223782e-08, 1.0, 3.2999999177718564e-08, 3.3999999260458935e-08, 3.4999999343199306e-08, 1.0, 3.699999950868005e-08, 3.799999959142042e-08, 3.899999967416079e-08]
2025-10-25T21:45:02.080415,P1233,3,[0.9397716522216797, 0.0010023723589256406, 0.2910193204879761, 0.9999799728393555, 0.19323763251304626, 0.993078351020813, 0.8781656622886658, 0.9965789318084717, 0.0057580252178013325, 0.019137362018227577, 0.9998996257781982, 0.0036724021192640066, 0.9798344373703003, 0.6029534339904785, 5.946963210590184e-05, 0.9971156120300293, 0.07887284457683563, 0.9338152408599854, 0.1562473624944687, 0.2967798411846161, 0.03734086826443672, 0.18343617022037506, 0.00044026190880686045, 0.010964983142912388, 0.9467760324478149, 0.9986778497695923, 0.27215132117271423, 0.9955102205276489, 0.27186867594718933, 0.045496582984924316, 0.23668211698532104, 0.0031846773345023394, 0.2080027163028717, 0.016622040420770645, 0.06178668513894081, 0.8951238989830017, 0.6149360537528992, 0.9420823454856873, 0.6093084216117859, 0.022543320432305336]
2025-10-25T21:45:15.828207,P1233,28,[0.3975423276424408, 0.014295370317995548, 0.9999950528144836, 0.999977707862854, 0.09712866693735123, 0.032680217176675797, 0.9901732206344604, 0.9998220205307007, 0.6189911365509033, 0.013369390740990639, 0.9999380111694336, 0.9984641075134277, 0.9038806557655334, 0.9999567866325378, 0.4093768000602722, 0.999961256980896, 0.9998218417167664, 0.9998869299888611, 0.3533484637737274, 0.9964539408683777, 0.6465944647789001, 0.028794309124350548, 0.9969915151596069, 0.9707809686660767, 0.9999942779541016, 0.9940231442451477, 0.3065401315689087, 0.9999964833259583, 0.9999997019767761, 0.9999639391899109, 0.997533917427063, 0.19022351503372192, 0.996914267539978, 0.9504203200340271, 0.7424660921096802, 0.0912763848900795, 0.9880949854850769, 0.9942920804023743, 0.006137528456747532, 0.4902343153953552]
2025-10-25T21:45:28.448544,P1233,39,[0.9618279933929443, 0.003897489048540592, 0.9992161393165588, 0.7926316261291504, 0.20442438125610352, 0.004383211489766836, 0.3778979182243347, 0.9999870657920837, 0.8796018362045288, 0.8406680822372437, 0.5818995237350464, 0.7058113217353821, 0.9999676942825317, 0.893782913684845, 0.832192063331604, 0.9997280836105347, 0.9999586343765259, 0.99978107213974, 0.9071815013885498, 0.869373083114624, 0.999976396560669, 0.622776985168457, 0.2977549731731415, 0.12390526384115219, 0.9635756611824036, 0.9902511239051819, 0.9974339008331299, 0.9898135662078857, 0.8137123584747314, 0.9998949766159058, 0.9883093237876892, 0.9988697171211243, 0.9862251281738281, 0.999428927898407, 0.004269484896212816, 0.10358846932649612, 0.16520822048187256, 0.17113181948661804, 0.9928154349327087, 0.9999922513961792]
2025-10-25T21:45:40.059998,P1233,39,[0.9998371601104736, 1.0, 0.9965951442718506, 0.9969350099563599, 0.999998927116394, 0.9969674348831177, 0.999946653842926, 1.0, 0.9997997283935547, 0.9997025728225708, 0.95518958568573, 0.9999998807907104, 0.9999997615814209, 0.9903188943862915, 0.9999973177909851, 1.0, 0.9999252557754517, 0.31377989053726196, 0.9998334646224976, 0.9684953689575195, 0.9998656511306763, 0.998069703578949, 0.9999998211860657, 0.9999998807907104, 0.9998561143875122, 0.9999953508377075, 0.999952495098114, 0.9858533143997192, 0.9997285008430481, 0.9999984502792358, 0.9999968409538269, 0.9999925494194031, 0.9999844431877136, 0.9999849796295166, 0.9999999403953552, 0.9999589920043945, 0.9999462962150574, 0.9999991059303284, 0.9966391921043396, 1.0]
2025-10-25T21:46:16.119247,P1233,33,[0.8279076814651489, 2.1169648789509665e-06, 0.03205225244164467, 0.153685063123703, 0.9945517778396606, 0.0005314996233209968, 0.3676217198371887, 0.7695071697235107, 0.0004597386287059635, 0.000268617324763909, 0.0003078680019825697, 0.0001166572910733521, 0.0004927039844915271, 0.025892270728945732, 0.9307330846786499, 0.9976953864097595, 0.7987638711929321, 0.0007539561484009027, 0.0006459833239205182, 0.000619639060460031, 0.5810757279396057, 0.0016893655993044376, 0.007360837887972593, 3.483211185084656e-05, 0.009866351261734962, 0.07974641770124435, 0.022544052451848984, 0.08209970593452454, 0.00032383023062720895, 0.47279098629951477, 0.08719977736473083, 0.9013272523880005, 0.03012111969292164, 0.999771773815155, 2.1797673070977908e-06, 0.0006096116849221289, 2.0569799744407646e-05, 0.14122503995895386, 0.6288629770278931, 0.6108517646789551]
2025-10-25T21:46:31.594270,P1233,30,[0.9999991655349731, 0.9999066591262817, 0.9996713399887085, 0.9999998807907104, 0.06646618992090225, 0.8750631809234619, 0.9985626935958862, 0.9999934434890747, 0.9962955713272095, 1.3479650078807026e-05, 0.9999635219573975, 0.999984860420227, 0.9980823993682861, 1.0, 0.005165024660527706, 0.9999948143959045, 0.9946262836456299, 0.9941098690032959, 0.9994277954101562, 0.9999797344207764, 0.6482887864112854, 0.9999982118606567, 0.9999127984046936, 0.7290427088737488, 0.8600690364837646, 0.0031228612642735243, 4.4401658669812605e-05, 0.9999006986618042, 0.9999995827674866, 0.7051336765289307, 1.0, 0.9443406462669373, 0.9999952912330627, 0.9943858981132507, 0.9996951222419739, 0.9992507100105286, 0.999973475933075, 0.0014072132762521505, 0.9990794062614441, 0.4229621887207031]
2025-10-25T21:47:06.664541,P789,25,[0.9999999403953552, 0.9996178150177002, 0.9999955296516418, 1.0, 0.7125269174575806, 0.9996867775917053, 0.9999997019767761, 1.0, 0.4792008399963379, 0.9470778107643127, 1.0, 0.9999901056289673, 0.9999035596847534, 0.9999995231628418, 0.9241421222686768, 0.9999836683273315, 0.999958872795105, 1.0, 0.9987635016441345, 0.9981561899185181, 0.9999998807907104, 0.8612593412399292, 0.9997974634170532, 0.9798749685287476, 1.0, 1.0, 0.9970863461494446, 0.9998011589050293, 0.9999996423721313, 0.9999998807907104, 0.9998276829719543, 0.9999999403953552, 0.9999996423721313, 0.0007472666329704225, 0.9925455451011658, 0.7557147145271301, 0.9999982714653015, 0.788997232913971, 0.9999974966049194, 0.9994413256645203]
2025-10-25T22:00:32.315337,P0129,0,[1.0, 0.9399769902229309, 0.9925301671028137, 0.9998832941055298, 1.0, 0.9999527931213379, 0.9999985098838806, 0.9999985098838806, 0.006061859894543886, 0.989296555519104, 0.999974250793457, 0.9996036291122437, 0.9930093288421631, 0.9999960660934448, 0.9999548196792603, 1.0, 0.999963641166687, 0.9953393340110779, 0.9614889025688171, 6.15046474194969e-07, 0.9993212819099426, 0.9996311664581299, 0.9999796152114868, 0.9986094832420349, 0.9999427795410156, 0.999993085861206, 0.12277653068304062, 0.9999974966049194, 0.9617890119552612, 1.0, 0.9999956488609314, 0.9981735348701477, 0.03835317865014076, 0.9999958872795105, 0.013454590924084187, 0.9988207817077637, 0.9999951720237732, 0.9839411377906799, 0.9994526505470276, 0.999095618724823]
2025-10-25T22:00:52.078653,P0129,10,[0.9999995827674866, 0.999982476234436, 1.0, 1.0, 0.9908546209335327, 0.9991027116775513, 0.9999990463256836, 1.0, 0.9999961853027344, 0.9603183269500732, 1.0, 0.9999998807907104, 0.9998513460159302, 1.0, 0.9777870178222656, 0.9999998807907104, 0.999889612197876, 0.9999998807907104, 0.999495804309845, 0.9998781681060791, 0.9999762773513794, 0.9991911053657532, 0.9999926090240479, 0.9989081621170044, 0.9999998807907104, 0.9911016225814819, 0.999457061290741, 0.9999850988388062, 1.0, 0.999833345413208, 1.0, 0.9999160766601562, 0.9999995231628418, 0.960698664188385, 0.9999591708183289, 0.999875009059906, 0.9999999403953552, 0.9349213242530823, 0.9999831318855286, 0.9999560713768005]
2025-10-25T23:43:56.041047,P654,0,[1.0, 1.0, 1.0, 1.0, 0.9999979734420776, 1.0, 1.0, 1.0, 1.0, 1.0, 1.0, 1.0, 1.0, 1.0, 1.0, 1.0, 1.0, 1.0, 1.0, 1.0, 1.0, 1.0, 1.0, 1.0, 1.0, 1.0, 1.0, 1.0, 1.0, 1.0, 1.0, 1.0, 1.0, 0.9999670386314392, 1.0, 1.0, 1.0, 0.9999791979789734, 1.0, 1.0]
2025-10-25T23:44:20.479132,P654,4,[0.9967361688613892, 0.811772346496582, 0.9979078769683838, 0.9993614554405212, 1.0, 0.9971756935119629, 0.9996864795684814, 0.8508461117744446, 0.002137162256985903, 0.04980552941560745, 0.0007030765991657972, 6.716522420902038e-06, 0.5490147471427917, 0.9973339438438416, 0.00856600608676672, 0.9999943971633911, 0.022583024576306343, 0.010044561699032784, 0.9805521965026855, 0.9428608417510986, 2.286162583686746e-07, 0.7794821262359619, 0.7061901092529297, 0.0005348852719180286, 0.9964190721511841, 0.9412262439727783, 0.02031761035323143, 0.21307161450386047, 0.983167827129364, 0.6991109848022461, 0.3323753774166107, 0.17411279678344727, 0.161915123462677, 0.7428321242332458, 0.00025007547810673714, 0.14268353581428528, 0.7028769850730896, 0.9993634819984436, 0.9950198531150818, 0.05875030905008316]
2025-10-25T23:44:37.781889,P654,0,[1.0, 0.9990360736846924, 0.9989379048347473, 0.9996535778045654, 0.9998696446418762, 0.9934719204902649, 0.9255300760269165, 1.0, 0.5728484988212585, 0.9974983334541321, 0.9971457719802856, 0.9999959468841553, 0.9998807311058044, 0.9999995231628418, 0.9966154098510742, 0.9999971389770508, 0.994995653629303, 0.9999895095825195, 0.9899886846542358, 0.9679080247879028, 0.9999997019767761, 0.9897864460945129, 0.9999992847442627, 0.5594328045845032, 0.9999997615814209, 0.9999997615814209, 0.8765764832496643, 0.9618284702301025, 0.9989956617355347, 0.9999827146530151, 0.9999926090240479, 1.0, 0.9999804496765137, 0.0002793105668388307, 0.9993718266487122, 0.9370191693305969, 0.9991542100906372, 0.000565387075766921, 0.9999846816062927, 0.9997105002403259]
2025-10-25T23:44:58.618722,P654,29,[0.6504621505737305, 0.6698452830314636, 0.995534360408783, 0.8383142948150635, 0.9997568130493164, 0.08468619734048843, 0.9930647015571594, 0.9994128346443176, 0.859470009803772, 0.9945560693740845, 0.4561043083667755, 0.11136830598115921, 0.03233848139643669, 0.8635436296463013, 0.9252195358276367, 0.9999946355819702, 0.9899352788925171, 0.7956513166427612, 0.03893451765179634, 0.002525497693568468, 0.9999616742134094, 0.7031550407409668, 0.9671924114227295, 0.2270321547985077, 0.9849562048912048, 0.19343894720077515, 0.998348593711853, 0.9883569478988647, 0.7316578030586243, 0.9999999403953552, 0.9776862263679504, 0.9607275128364563, 0.9997438788414001, 0.9999993443489075, 0.11188811808824539, 0.2129516303539276, 0.004805332515388727, 0.9401581883430481, 0.9952433705329895, 0.9999929070472717]
2025-10-25T23:46:26.083763,P09876,33,[0.8279076814651489, 2.1169648789509665e-06, 0.03205225244164467, 0.153685063123703, 0.9945517778396606, 0.0005314996233209968, 0.3676217198371887, 0.7695071697235107, 0.0004597386287059635, 0.000268617324763909, 0.0003078680019825697, 0.0001166572910733521, 0.0004927039844915271, 0.025892270728945732, 0.9307330846786499, 0.9976953864097595, 0.7987638711929321, 0.0007539561484009027, 0.0006459833239205182, 0.000619639060460031, 0.5810757279396057, 0.0016893655993044376, 0.007360837887972593, 3.483211185084656e-05, 0.009866351261734962, 0.07974641770124435, 0.022544052451848984, 0.08209970593452454, 0.00032383023062720895, 0.47279098629951477, 0.08719977736473083, 0.9013272523880005, 0.03012111969292164, 0.999771773815155, 2.1797673070977908e-06, 0.0006096116849221289, 2.0569799744407646e-05, 0.14122503995895386, 0.6288629770278931, 0.6108517646789551]
2025-10-25T23:53:50.188576,P6789,3,[0.9397716522216797, 0.0010023723589256406, 0.2910193204879761, 0.9999799728393555, 0.19323763251304626, 0.993078351020813, 0.8781656622886658, 0.9965789318084717, 0.0057580252178013325, 0.019137362018227577, 0.9998996257781982, 0.0036724021192640066, 0.9798344373703003, 0.6029534339904785, 5.946963210590184e-05, 0.9971156120300293, 0.07887284457683563, 0.9338152408599854, 0.1562473624944687, 0.2967798411846161, 0.03734086826443672, 0.18343617022037506, 0.00044026190880686045, 0.010964983142912388, 0.9467760324478149, 0.9986778497695923, 0.27215132117271423, 0.9955102205276489, 0.27186867594718933, 0.045496582984924316, 0.23668211698532104, 0.0031846773345023394, 0.2080027163028717, 0.016622040420770645, 0.06178668513894081, 0.8951238989830017, 0.6149360537528992, 0.9420823454856873, 0.6093084216117859, 0.022543320432305336]
2025-10-25T23:54:58.335428,P78,0,[1.0, 0.9999998807907104, 1.0, 1.0, 0.42743805050849915, 0.9999916553497314, 1.0, 1.0, 0.9999984502792358, 0.9999687075614929, 1.0, 1.0, 0.9999988079071045, 1.0, 0.9998937249183655, 0.9999814033508301, 0.9999998807907104, 1.0, 1.0, 0.9999500513076782, 1.0, 0.9987975358963013, 0.9999985694885254, 0.9999890327453613, 1.0, 1.0, 0.9939788579940796, 0.9999989867210388, 1.0, 0.9999999403953552, 0.9999997615814209, 0.9999999403953552, 1.0, 0.9185584187507629, 0.9999982714653015, 0.9999980330467224, 1.0, 0.9988513588905334, 0.9999999403953552, 0.9999955296516418]
2025-10-25T23:55:23.967936,P78,28,[0.8228695392608643, 0.007638097740709782, 0.9999945163726807, 0.999993622303009, 0.2808401584625244, 0.011375312693417072, 0.9960614442825317, 0.9999687671661377, 0.3051733672618866, 0.00517297675833106, 0.9999752044677734, 0.9982724189758301, 0.8450460433959961, 0.999962568283081, 0.7072934508323669, 0.9999930262565613, 0.9993513822555542, 0.999894380569458, 0.43571922183036804, 0.992962121963501, 0.807111918926239, 0.010372958146035671, 0.9877855777740479, 0.9723691940307617, 0.9999992251396179, 0.9924556016921997, 0.22646915912628174, 0.9999933242797852, 0.9999997019767761, 0.9997981786727905, 0.9980737566947937, 0.48310524225234985, 0.9981966614723206, 0.28466299176216125, 0.7286887764930725, 0.023185735568404198, 0.9883653521537781, 0.9965124726295471, 0.032641418278217316, 0.37946799397468567]
2025-10-26T00:26:26.116265,P78,28,[0.8228695392608643, 0.007638097740709782, 0.9999945163726807, 0.999993622303009, 0.2808401584625244, 0.011375312693417072, 0.9960614442825317, 0.9999687671661377, 0.3051733672618866, 0.00517297675833106, 0.9999752044677734, 0.9982724189758301, 0.8450460433959961, 0.999962568283081, 0.7072934508323669, 0.9999930262565613, 0.9993513822555542, 0.999894380569458, 0.43571922183036804, 0.992962121963501, 0.807111918926239, 0.010372958146035671, 0.9877855777740479, 0.9723691940307617, 0.9999992251396179, 0.9924556016921997, 0.22646915912628174, 0.9999933242797852, 0.9999997019767761, 0.9997981786727905, 0.9980737566947937, 0.48310524225234985, 0.9981966614723206, 0.28466299176216125, 0.7286887764930725, 0.023185735568404198, 0.9883653521537781, 0.9965124726295471, 0.032641418278217316, 0.37946799397468567]
2025-10-26T00:30:38.780801,P2033,3,[0.6749678254127502, 0.2434770166873932, 0.9999985098838806, 1.0, 0.22429656982421875, 0.3965771198272705, 0.9996980428695679, 0.9999184608459473, 0.9277334213256836, 0.04368514567613602, 0.9999964237213135, 0.9999253153800964, 0.9024447202682495, 0.9999985694885254, 0.9514952898025513, 0.9998022317886353, 0.9999852180480957, 0.9999980926513672, 0.9959948062896729, 0.9975628852844238, 0.9992304444313049, 0.08384417742490768, 0.9920136332511902, 0.999136209487915, 0.9999997019767761, 0.9997705221176147, 0.25902506709098816, 0.9999970197677612, 0.9999999403953552, 0.9999954700469971, 0.9964354634284973, 0.9699721932411194, 0.9999809861183167, 0.43163707852363586, 0.9935979247093201, 0.056319061666727066, 0.9993274807929993, 0.9806459546089172, 0.6103406548500061, 0.8810811042785645]
2025-10-26T00:31:02.486939,P2033,15,[0.9999997615814209, 0.9999942779541016, 0.675385594367981, 0.9998611211776733, 0.7753689289093018, 0.9720219373703003, 0.9764394164085388, 0.9999995231628418, 0.9993489980697632, 2.601801952550886e-06, 0.9990158081054688, 0.9977158308029175, 0.9991788268089294, 0.999946117401123, 0.6589872241020203, 0.9999998807907104, 0.06663329899311066, 0.9991781711578369, 0.9999200105667114, 0.07221772521734238, 0.008061309345066547, 0.999830961227417, 0.9996789693832397, 0.998605489730835, 0.9996588230133057, 0.9724972248077393, 0.9042750000953674, 0.9999697208404541, 0.9915026426315308, 0.020507514476776123, 0.9999062418937683, 0.9994161128997803, 0.9951457977294922, 0.9960861802101135, 0.9996799826622009, 0.9999974370002747, 0.9996153712272644, 0.0014811826404184103, 0.9999925494194031, 0.9989621043205261]
2025-10-26T00:31:22.002917,P2033,25,[0.9999999403953552, 0.9996178150177002, 0.9999955296516418, 1.0, 0.7125269174575806, 0.9996867775917053, 0.9999997019767761, 1.0, 0.4792008399963379, 0.9470778107643127, 1.0, 0.9999901056289673, 0.9999035596847534, 0.9999995231628418, 0.9241421222686768, 0.9999836683273315, 0.999958872795105, 1.0, 0.9987635016441345, 0.9981561899185181, 0.9999998807907104, 0.8612593412399292, 0.9997974634170532, 0.9798749685287476, 1.0, 1.0, 0.9970863461494446, 0.9998011589050293, 0.9999996423721313, 0.9999998807907104, 0.9998276829719543, 0.9999999403953552, 0.9999996423721313, 0.0007472666329704225, 0.9925455451011658, 0.7557147145271301, 0.9999982714653015, 0.788997232913971, 0.9999974966049194, 0.9994413256645203]
2025-10-26T02:03:50.932711,P2034,15,[0.9831812381744385, 2.8918252610310446e-06, 0.7495371699333191, 0.9220638871192932, 0.999999463558197, 0.16299408674240112, 0.946519672870636, 0.9599727392196655, 0.08432958275079727, 0.06066060811281204, 0.23391394317150116, 0.018085014075040817, 0.0001544476399431005, 0.4968970715999603, 0.9955805540084839, 0.9999995231628418, 0.9965764284133911, 0.002862500259652734, 0.006312924902886152, 3.4887718356912956e-05, 0.9578089118003845, 0.08271395415067673, 0.9033864736557007, 0.00010716234828578308, 0.006399894133210182, 0.2303144931793213, 0.02213623747229576, 0.6643576622009277, 8.895812788978219e-05, 0.981043815612793, 0.2523135244846344, 0.9908462762832642, 0.06012094393372536, 0.999991774559021, 0.00043362798169255257, 0.18341585993766785, 0.006877786014229059, 0.6421075463294983, 0.8956581950187683, 0.9901291728019714]
2025-10-26T14:10:18.627148,P1230,3,[0.9397716522216797, 0.0010023723589256406, 0.2910193204879761, 0.9999799728393555, 0.19323763251304626, 0.993078351020813, 0.8781656622886658, 0.9965789318084717, 0.0057580252178013325, 0.019137362018227577, 0.9998996257781982, 0.0036724021192640066, 0.9798344373703003, 0.6029534339904785, 5.946963210590184e-05, 0.9971156120300293, 0.07887284457683563, 0.9338152408599854, 0.1562473624944687, 0.2967798411846161, 0.03734086826443672, 0.18343617022037506, 0.00044026190880686045, 0.010964983142912388, 0.9467760324478149, 0.9986778497695923, 0.27215132117271423, 0.9955102205276489, 0.27186867594718933, 0.045496582984924316, 0.23668211698532104, 0.0031846773345023394, 0.2080027163028717, 0.016622040420770645, 0.06178668513894081, 0.8951238989830017, 0.6149360537528992, 0.9420823454856873, 0.6093084216117859, 0.022543320432305336]
2025-10-26T14:10:40.779478,P1230,3,[0.6749678254127502, 0.2434770166873932, 0.9999985098838806, 1.0, 0.22429656982421875, 0.3965771198272705, 0.9996980428695679, 0.9999184608459473, 0.9277334213256836, 0.04368514567613602, 0.9999964237213135, 0.9999253153800964, 0.9024447202682495, 0.9999985694885254, 0.9514952898025513, 0.9998022317886353, 0.9999852180480957, 0.9999980926513672, 0.9959948062896729, 0.9975628852844238, 0.9992304444313049, 0.08384417742490768, 0.9920136332511902, 0.999136209487915, 0.9999997019767761, 0.9997705221176147, 0.25902506709098816, 0.9999970197677612, 0.9999999403953552, 0.9999954700469971, 0.9964354634284973, 0.9699721932411194, 0.9999809861183167, 0.43163707852363586, 0.9935979247093201, 0.056319061666727066, 0.9993274807929993, 0.9806459546089172, 0.6103406548500061, 0.8810811042785645]
2025-10-26T14:10:53.028915,P1230,28,[0.8228695392608643, 0.007638097740709782, 0.9999945163726807, 0.999993622303009, 0.2808401584625244, 0.011375312693417072, 0.9960614442825317, 0.9999687671661377, 0.3051733672618866, 0.00517297675833106, 0.9999752044677734, 0.9982724189758301, 0.8450460433959961, 0.999962568283081, 0.7072934508323669, 0.9999930262565613, 0.9993513822555542, 0.999894380569458, 0.43571922183036804, 0.992962121963501, 0.807111918926239, 0.010372958146035671, 0.9877855777740479, 0.9723691940307617, 0.9999992251396179, 0.9924556016921997, 0.22646915912628174, 0.9999933242797852, 0.9999997019767761, 0.9997981786727905, 0.9980737566947937, 0.48310524225234985, 0.9981966614723206, 0.28466299176216125, 0.7286887764930725, 0.023185735568404198, 0.9883653521537781, 0.9965124726295471, 0.032641418278217316, 0.37946799397468567]
2025-10-26T14:11:07.428471,P1230,39,[0.9998371601104736, 1.0, 0.9965951442718506, 0.9969350099563599, 0.999998927116394, 0.9969674348831177, 0.999946653842926, 1.0, 0.9997997283935547, 0.9997025728225708, 0.95518958568573, 0.9999998807907104, 0.9999997615814209, 0.9903188943862915, 0.9999973177909851, 1.0, 0.9999252557754517, 0.31377989053726196, 0.9998334646224976, 0.9684953689575195, 0.9998656511306763, 0.998069703578949, 0.9999998211860657, 0.9999998807907104, 0.9998561143875122, 0.9999953508377075, 0.999952495098114, 0.9858533143997192, 0.9997285008430481, 0.9999984502792358, 0.9999968409538269, 0.9999925494194031, 0.9999844431877136, 0.9999849796295166, 0.9999999403953552, 0.9999589920043945, 0.9999462962150574, 0.9999991059303284, 0.9966391921043396, 1.0]
2025-10-26T14:11:23.967223,P1230,30,[0.9999991655349731, 0.9999066591262817, 0.9996713399887085, 0.9999998807907104, 0.06646618992090225, 0.8750631809234619, 0.9985626935958862, 0.9999934434890747, 0.9962955713272095, 1.3479650078807026e-05, 0.9999635219573975, 0.999984860420227, 0.9980823993682861, 1.0, 0.005165024660527706, 0.9999948143959045, 0.9946262836456299, 0.9941098690032959, 0.9994277954101562, 0.9999797344207764, 0.6482887864112854, 0.9999982118606567, 0.9999127984046936, 0.7290427088737488, 0.8600690364837646, 0.0031228612642735243, 4.4401658669812605e-05, 0.9999006986618042, 0.9999995827674866, 0.7051336765289307, 1.0, 0.9443406462669373, 0.9999952912330627, 0.9943858981132507, 0.9996951222419739, 0.9992507100105286, 0.999973475933075, 0.0014072132762521505, 0.9990794062614441, 0.4229621887207031]
2025-10-26T14:11:41.078617,P1230,21,[0.8168509006500244, 0.9982138276100159, 0.013050617650151253, 0.8667552471160889, 6.762547127436846e-05, 0.9176359176635742, 0.025694316253066063, 0.9926769733428955, 0.8047314882278442, 2.176162610112442e-07, 0.9757399559020996, 1.8309625374968164e-05, 0.9978604316711426, 0.9993100166320801, 0.019678130745887756, 0.9999927878379822, 0.6505780220031738, 0.005351769272238016, 0.9610152244567871, 0.998458981513977, 0.0002463957935106009, 0.9999960660934448, 0.876093864440918, 0.9583028554916382, 0.010658049955964088, 0.0021017740946263075, 0.04802032932639122, 0.9218751788139343, 0.2748970091342926, 0.0042392900213599205, 0.9779432415962219, 0.008234561420977116, 0.9768549799919128, 0.990169882774353, 0.929363489151001, 0.9990752935409546, 0.999284565448761, 0.4572984576225281, 0.9993374347686768, 0.0761433020234108]
2025-10-26T17:20:07.289021,P093,25,[0.9999999403953552, 0.9996178150177002, 0.9999955296516418, 1.0, 0.7125269174575806, 0.9996867775917053, 0.9999997019767761, 1.0, 0.4792008399963379, 0.9470778107643127, 1.0, 0.9999901056289673, 0.9999035596847534, 0.9999995231628418, 0.9241421222686768, 0.9999836683273315, 0.999958872795105, 1.0, 0.9987635016441345, 0.9981561899185181, 0.9999998807907104, 0.8612593412399292, 0.9997974634170532, 0.9798749685287476, 1.0, 1.0, 0.9970863461494446, 0.9998011589050293, 0.9999996423721313, 0.9999998807907104, 0.9998276829719543, 0.9999999403953552, 0.9999996423721313, 0.0007472666329704225, 0.9925455451011658, 0.7557147145271301, 0.9999982714653015, 0.788997232913971, 0.9999974966049194, 0.9994413256645203]
2025-10-26T17:20:22.606650,P093,4,[0.939846396446228, 0.0009982596384361386, 0.8954616785049438, 0.9977238178253174, 1.0, 0.9913545846939087, 0.9798592925071716, 0.9945194721221924, 0.020600266754627228, 0.026987919583916664, 0.9904733896255493, 1.3020928690821165e-07, 0.009173405356705189, 0.9874904751777649, 0.1853332668542862, 0.9999969005584717, 0.33301231265068054, 0.0031563511583954096, 0.19631074368953705, 0.00030567162320949137, 0.04223497584462166, 0.27076560258865356, 0.004903338383883238, 0.03175490349531174, 0.21040278673171997, 0.9219152927398682, 0.000690516026224941, 0.3277873396873474, 0.00019392190733924508, 0.010366438888013363, 0.09004518389701843, 0.002586902352049947, 0.5790235996246338, 0.9634625315666199, 0.053626421838998795, 0.005711679812520742, 0.0018527867505326867, 0.9995952248573303, 0.9927235245704651, 0.06337124854326248]
2025-10-26T17:24:52.930006,P678,0,[1.0, 0.9999891519546509, 0.9994073510169983, 0.9999676942825317, 1.0, 0.9999990463256836, 1.0, 1.0, 0.012495526112616062, 0.36004698276519775, 0.9999735355377197, 0.9999624490737915, 0.9935265779495239, 0.9999977350234985, 0.9999843835830688, 1.0, 0.9996901750564575, 0.9759634733200073, 0.9988315105438232, 6.448487965826644e-07, 0.9812395572662354, 0.9999958276748657, 0.9999793767929077, 0.9999964237213135, 0.9992014765739441, 0.9987130761146545, 0.05291825160384178, 0.9999773502349854, 0.9994193315505981, 1.0, 0.9999999403953552, 0.9132333397865295, 0.24000585079193115, 1.0, 0.9738313555717468, 0.999582827091217, 0.9999998211860657, 0.23065149784088135, 0.9999997615814209, 0.9790829420089722]
2025-10-26T17:25:12.391689,P678,10,[0.00042623281478881836, 0.9763118028640747, 0.9998283386230469, 0.7771161794662476, 0.2702559232711792, 0.6500664949417114, 0.910366415977478, 0.8973267078399658, 0.9998525381088257, 0.997936487197876, 0.9999825954437256, 0.9973872900009155, 0.9994725584983826, 0.5175973176956177, 0.08742432296276093, 0.1636003702878952, 0.9903360605239868, 0.9784690737724304, 0.10511283576488495, 0.9707473516464233, 0.999971866607666, 0.7804231643676758, 0.031246714293956757, 0.008218997158110142, 0.9721853733062744, 0.30680373311042786, 0.025437679141759872, 0.8721991181373596, 0.646164059638977, 0.9972492456436157, 0.644744336605072, 0.9486151933670044, 0.9994695782661438, 0.023006770759820938, 0.9971912503242493, 0.5162956714630127, 0.9668262600898743, 0.9935293793678284, 0.6436892747879028, 0.9999076724052429]
2025-10-26T17:25:38.968821,P678,15,[0.999990701675415, 0.11611559987068176, 0.9773827195167542, 0.9977822303771973, 1.0, 0.9975993633270264, 0.9998209476470947, 0.9989758729934692, 0.5276827216148376, 0.9790245294570923, 0.9998207688331604, 0.951317548751831, 0.6767075061798096, 0.9996961355209351, 0.9975045323371887, 1.0, 0.9999891519546509, 0.00523261958733201, 0.26670095324516296, 3.7144880025152816e-06, 0.9993109703063965, 0.9940632581710815, 0.9974049925804138, 0.9601995944976807, 0.8204704523086548, 0.9870054125785828, 0.01689022406935692, 0.9955528378486633, 0.0054557304829359055, 0.9999421238899231, 0.9467112421989441, 0.9970831274986267, 0.07064318656921387, 0.9999993443489075, 0.005916569847613573, 0.9766605496406555, 0.9985812306404114, 0.9991317987442017, 0.9929279685020447, 0.9999505281448364]
2025-10-26T17:29:09.859723,P0245,32,[0.9289771914482117, 0.9895644187927246, 0.9999767541885376, 0.9999994039535522, 0.18923920392990112, 0.16047653555870056, 0.9995310306549072, 0.9999964237213135, 0.9996808767318726, 0.9988387823104858, 1.0, 0.9999971389770508, 0.9999988079071045, 0.9999847412109375, 0.9989305734634399, 0.9568992853164673, 0.9999994039535522, 1.0, 0.999995231628418, 0.8812934160232544, 0.9999949932098389, 0.9971352815628052, 0.9673567414283752, 0.9858636260032654, 0.999994695186615, 0.9993041157722473, 0.2816876471042633, 0.9987933039665222, 0.9999985694885254, 0.9957778453826904, 0.9973148703575134, 0.999997079372406, 1.0, 0.7075737118721008, 0.9346686005592346, 0.9899322390556335, 0.9999069571495056, 0.9962353110313416, 0.9992468953132629, 0.9996200203895569]
